-- phpMyAdmin SQL Dump
-- version 4.9.2
-- https://www.phpmyadmin.net/
--
-- Host: 127.0.0.1
-- Generation Time: Jun 30, 2021 at 01:20 PM
-- Server version: 10.4.11-MariaDB
-- PHP Version: 7.2.26

SET SQL_MODE = "NO_AUTO_VALUE_ON_ZERO";
SET AUTOCOMMIT = 0;
START TRANSACTION;
SET time_zone = "+00:00";


/*!40101 SET @OLD_CHARACTER_SET_CLIENT=@@CHARACTER_SET_CLIENT */;
/*!40101 SET @OLD_CHARACTER_SET_RESULTS=@@CHARACTER_SET_RESULTS */;
/*!40101 SET @OLD_COLLATION_CONNECTION=@@COLLATION_CONNECTION */;
/*!40101 SET NAMES utf8mb4 */;

--
-- Database: `clinic`
--

-- --------------------------------------------------------

--
-- Table structure for table `after_treatment`
--

CREATE TABLE `after_treatment` (
  `treatment` varchar(255) NOT NULL,
  `medicine_list` varchar(255) NOT NULL,
  `dosage` varchar(255) NOT NULL,
  `instructions` varchar(255) NOT NULL,
  `treatment_days` varchar(255) NOT NULL,
  `patient_id` int(10) NOT NULL,
  `curr_time` timestamp NOT NULL DEFAULT current_timestamp() ON UPDATE current_timestamp()
) ENGINE=InnoDB DEFAULT CHARSET=latin1;

--
-- Dumping data for table `after_treatment`
--

INSERT INTO `after_treatment` (`treatment`, `medicine_list`, `dosage`, `instructions`, `treatment_days`, `patient_id`, `curr_time`) VALUES
('dfgd', 'k', 'tuy', 'hfg', '30', 20, '2020-03-12 16:05:30'),
('gfh', 'hg', 'hggf', 'ghfcvg', '32', 21, '2020-03-12 16:05:30'),
('none', 'none', 'none', 'none', '28', 22, '2020-03-12 16:05:30');

-- --------------------------------------------------------

--
-- Table structure for table `appointment`
--

CREATE TABLE `appointment` (
  `patient_name` varchar(255) NOT NULL,
  `email` varchar(255) NOT NULL,
  `mobile` bigint(10) NOT NULL,
  `app_date` date NOT NULL,
  `app_id` int(10) NOT NULL,
  `timeslot` enum('slot1','slot2') NOT NULL
) ENGINE=InnoDB DEFAULT CHARSET=latin1;

--
-- Dumping data for table `appointment`
--

INSERT INTO `appointment` (`patient_name`, `email`, `mobile`, `app_date`, `app_id`, `timeslot`) VALUES
('sdrf', 'dfsd@rsy.vco', 56676767, '2019-12-03', 1, ''),
('Rahul Jagtap', 'rahul@ety.com', 2147483647, '2019-12-02', 6, ''),
('Karuna Jagtap', 'abcd@hjh.com', 2147483647, '2021-06-30', 7, ''),
('rahul', 'rahul@xyz.com', 8976879090, '2020-01-05', 8, ''),
('Karuna Jagtap', 'karuna.jagtap@sakec.ac.in', 8769609896, '2020-03-10', 9, ''),
('will', 'will@abc.com', 8769609896, '2020-03-11', 10, ''),
('Sandy', 'sandy@abc.com', 9078987012, '2020-03-13', 11, 'slot1'),
('Karuna A J ', '47karuna52@gmail.com', 8769609896, '2020-03-13', 12, ''),
('rahul', 'rahul@abc.com', 8769609896, '2020-03-12', 13, 'slot2');

-- --------------------------------------------------------

--
-- Table structure for table `doctor`
--

CREATE TABLE `doctor` (
  `id` int(10) NOT NULL,
  `username` varchar(15) NOT NULL,
  `password` varchar(15) NOT NULL,
  `secure` varchar(200) NOT NULL
) ENGINE=InnoDB DEFAULT CHARSET=utf8mb4;

--
-- Dumping data for table `doctor`
--

INSERT INTO `doctor` (`id`, `username`, `password`, `secure`) VALUES
(1, 'AmitDave', 'AmitDave', 'Ignite');

-- --------------------------------------------------------

--
-- Table structure for table `examin_noting`
--

CREATE TABLE `examin_noting` (
  `bowels` varchar(255) NOT NULL,
  `urine` varchar(255) NOT NULL,
  `tongue` varchar(255) NOT NULL,
  `appetite` varchar(255) NOT NULL,
  `skin` varchar(255) NOT NULL,
  `other` varchar(255) NOT NULL,
  `pulse` varchar(255) NOT NULL,
  `patient_id` int(10) NOT NULL,
  `curr_time` timestamp NOT NULL DEFAULT current_timestamp() ON UPDATE current_timestamp()
) ENGINE=InnoDB DEFAULT CHARSET=latin1;

--
-- Dumping data for table `examin_noting`
--

INSERT INTO `examin_noting` (`bowels`, `urine`, `tongue`, `appetite`, `skin`, `other`, `pulse`, `patient_id`, `curr_time`) VALUES
('fg', 'vc', 'gfvfc', 'gfdx', 'gfv', 'gvf', '45', 20, '2020-03-12 16:05:57'),
('g', 'ghdf', 'gdf', 'gf', 'gdf', 'gf', 'ggf', 21, '2020-03-12 16:05:57'),
('normal', 'normal', 'normal', 'normal', 'normal', 'normal', 'normal', 22, '2020-03-12 16:05:57');

-- --------------------------------------------------------

--
-- Table structure for table `panchkarma_advise`
--

CREATE TABLE `panchkarma_advise` (
  `diet_advise` varchar(255) NOT NULL,
  `to_eat_list` varchar(255) NOT NULL,
  `not_to_eat_list` varchar(255) NOT NULL,
  `home_remedies` varchar(255) NOT NULL,
  `next_appoint` date NOT NULL,
  `consult_charge` int(10) NOT NULL,
  `medicine_charge` int(10) NOT NULL,
  `panchkarma_charge` int(10) NOT NULL,
  `med_certi_format` varchar(255) NOT NULL,
  `invest_ref_format` varchar(255) NOT NULL,
  `patient_id` int(10) NOT NULL,
  `curr_time` timestamp NOT NULL DEFAULT current_timestamp() ON UPDATE current_timestamp()
) ENGINE=InnoDB DEFAULT CHARSET=latin1;

--
-- Dumping data for table `panchkarma_advise`
--

INSERT INTO `panchkarma_advise` (`diet_advise`, `to_eat_list`, `not_to_eat_list`, `home_remedies`, `next_appoint`, `consult_charge`, `medicine_charge`, `panchkarma_charge`, `med_certi_format`, `invest_ref_format`, `patient_id`, `curr_time`) VALUES
('g', 'gbv', 'vfbg', '', '2019-12-13', 67, 564, 5, 'bv', 'bgf', 20, '2020-03-12 16:06:09'),
('uyh', 'uygh', 'hgh', 'jhg', '2020-01-16', 44, 767, 777, 'gfg', 'gdf', 21, '2020-03-12 16:06:09'),
('none', 'none', 'none', 'none', '2020-03-13', 67, 767, 777, 'none', 'none', 22, '2020-03-12 16:06:09');

-- --------------------------------------------------------

--
-- Table structure for table `patient`
--

CREATE TABLE `patient` (
  `patient_id` int(10) NOT NULL,
  `patient_name` varchar(255) NOT NULL,
  `mobile` bigint(10) NOT NULL,
  `status` varchar(255) NOT NULL,
  `age` int(3) NOT NULL,
  `sex` varchar(255) NOT NULL,
  `job` varchar(255) NOT NULL,
  `weight` int(3) NOT NULL,
  `blood_pressure` varchar(255) NOT NULL,
  `random_sugar` varchar(255) NOT NULL,
  `diet` varchar(255) NOT NULL,
  `address` varchar(255) NOT NULL,
  `reference` varchar(255) NOT NULL,
  `curr_time` timestamp NOT NULL DEFAULT current_timestamp() ON UPDATE current_timestamp()
) ENGINE=InnoDB DEFAULT CHARSET=latin1;

--
-- Dumping data for table `patient`
--

INSERT INTO `patient` (`patient_id`, `patient_name`, `mobile`, `status`, `age`, `sex`, `job`, `weight`, `blood_pressure`, `random_sugar`, `diet`, `address`, `reference`, `curr_time`) VALUES
(8, 'xyz', 789086855, 'new', 34, 'female', 'clerk', 50, '344', '56', 'vegan', 'abc', 'newspaper', '2020-02-27 07:23:40'),
(16, 'Sneha xyz', 7659679, 'New', 21, 'female', 'contractor', 48, '120/80', '80 mg/dl', 'veg', 'D-402,Sonam Heights D CHS LTD,PHASE -XV ,NEW GOLDEN NEST, GODDEV VILLAGE,BHAINDER EAST ,THANE', 'newspaper', '2020-02-27 07:21:46'),
(17, 'Uma singh', 981, 'New', 21, 'female', 'rft', 48, '121/60', '101 mg/dl', 'veg', 'D-402,Sonam Heights D CHS LTD,PHASE -XV ,NEW GOLDEN NEST, GODDEV VILLAGE,BHAINDER EAST ,THANE', 'newspaper', '2020-02-27 07:21:46'),
(19, 'Shashi singh', 981, 'New', 21, 'female', 'contractor', 48, '121/60', '90 mg/dl', 'non_veg', 'House no 827,vil- rudhauli ,post- rudra nagar ,dist-basti,up', 'pp', '2020-02-27 07:21:46'),
(20, 'Karuna Jagtap', 9078987012, 'New', 21, 'female', 'student', 65, '120/82', '65 mg/dl', 'veg', 'D-402,Sonam Heights  CHS LTD,PHASE -XV ,NEW GOLDEN NEST, GODDEV VILLAGE,BHAINDER EAST ,THANE', 'magazine', '2020-03-04 12:35:10'),
(21, 'rahul', 324235425, 'new', 20, 'male', 'Student', 75, '54567', '657', 'veg', 'dfgtfjd', 'gdf', '2020-02-27 07:21:46'),
(22, 'Sandy', 9078987012, 'existing', 22, 'male', 'contractor', 65, '340', '105', 'non-veg', '24,Xyz,Bandra', 'magazine', '2020-03-12 15:57:05');

-- --------------------------------------------------------

--
-- Table structure for table `patient_history`
--

CREATE TABLE `patient_history` (
  `report_noting` varchar(255) NOT NULL,
  `curr_medication` varchar(255) NOT NULL,
  `curr_complain` varchar(255) NOT NULL,
  `chief_complain` varchar(255) NOT NULL,
  `recovery` varchar(255) NOT NULL,
  `patient_id` int(10) NOT NULL,
  `curr_time` timestamp NOT NULL DEFAULT current_timestamp() ON UPDATE current_timestamp()
) ENGINE=InnoDB DEFAULT CHARSET=latin1;

--
-- Dumping data for table `patient_history`
--

INSERT INTO `patient_history` (`report_noting`, `curr_medication`, `curr_complain`, `chief_complain`, `recovery`, `patient_id`, `curr_time`) VALUES
('dfsdf', 'Other', 'hbg', 'none', 'Relief', 19, '0000-00-00 00:00:00'),
('dfs', 'allopathy', 'hbg', 'none', 'relief', 20, '0000-00-00 00:00:00'),
('none', 'allopathy', 'gc', 'cxv', 'gdf', 21, '0000-00-00 00:00:00'),
('none', 'Allopathy', 'none', 'none', 'relief', 22, '0000-00-00 00:00:00');

-- --------------------------------------------------------

--
-- Table structure for table `present_routine`
--

CREATE TABLE `present_routine` (
  `breakfast` varchar(255) NOT NULL,
  `lunch` varchar(255) NOT NULL,
  `even_snacks` varchar(255) NOT NULL,
  `dinner` varchar(255) NOT NULL,
  `early_morn_diet` varchar(255) NOT NULL,
  `habits` varchar(255) NOT NULL,
  `phy_act` varchar(255) NOT NULL,
  `Stress` char(255) NOT NULL,
  `patient_id` int(10) NOT NULL,
  `curr_time` timestamp NOT NULL DEFAULT current_timestamp() ON UPDATE current_timestamp()
) ENGINE=InnoDB DEFAULT CHARSET=latin1;

--
-- Dumping data for table `present_routine`
--

INSERT INTO `present_routine` (`breakfast`, `lunch`, `even_snacks`, `dinner`, `early_morn_diet`, `habits`, `phy_act`, `Stress`, `patient_id`, `curr_time`) VALUES
('soup', 'chapati', 'biscuit', 'curry', 'Yes', 'swimming', 'Exercise', 'Often', 20, '2020-03-12 16:06:25'),
('gfdf', 'gdfg', 'jghh', 'jhgh', 'jhgh', 'hjbn', 'hgvbh', 'yes', 21, '2020-03-12 16:06:25'),
('soup', 'chapati', 'biscuit', 'curry', 'Yes', 'swimming', 'Exercise', 'Often', 22, '2020-03-12 16:06:25');

-- --------------------------------------------------------

--
-- Table structure for table `purchase_bill_rec`
--

CREATE TABLE `purchase_bill_rec` (
  `party_name` varchar(30) NOT NULL,
  `bill_date` date NOT NULL,
  `bill_no` int(10) NOT NULL,
  `total` int(9) NOT NULL,
  `paid` int(9) NOT NULL,
  `bal` int(9) NOT NULL,
  `pay_date` date NOT NULL,
  `pay_mode` varchar(30) NOT NULL,
  `pay_details` varchar(30) NOT NULL
) ENGINE=InnoDB DEFAULT CHARSET=latin1;

--
-- Dumping data for table `purchase_bill_rec`
--

INSERT INTO `purchase_bill_rec` (`party_name`, `bill_date`, `bill_no`, `total`, `paid`, `bal`, `pay_date`, `pay_mode`, `pay_details`) VALUES
('abc', '2020-01-17', 6, 200, 150, 50, '2020-01-10', 'online', 'none'),
('dsf', '2019-12-10', 7, 0, 0, 0, '2019-12-03', 'online', 'xf'),
('dsf', '2019-12-04', 44, 0, 0, 0, '2019-12-10', 'online', 'xf'),
('f', '2020-01-08', 53, 0, 0, 0, '2020-01-08', '453', 'ses'),
('john', '2020-02-20', 67, 6578, 5468, 322, '2020-02-06', 'tdfstg', 'gfdfh');

-- --------------------------------------------------------

--
-- Table structure for table `regist`
--

CREATE TABLE `regist` (
  `patient_id` int(10) NOT NULL,
  `patient_name` varchar(200) NOT NULL,
  `image` blob NOT NULL,
  `status` varchar(20) NOT NULL,
  `age` varchar(15) NOT NULL,
  `sex` varchar(200) NOT NULL,
  `job` varchar(200) NOT NULL,
  `weight` varchar(20) NOT NULL,
  `address` varchar(200) NOT NULL,
  `mobile` bigint(15) NOT NULL,
  `reference` varchar(200) NOT NULL
) ENGINE=InnoDB DEFAULT CHARSET=utf8mb4;

--
-- Dumping data for table `regist`
--

INSERT INTO `regist` (`patient_id`, `patient_name`, `image`, `status`, `age`, `sex`, `job`, `weight`, `address`, `mobile`, `reference`) VALUES
(1, 'Sandy', '', 'New', '22', 'male', 'student', '75', '24,Xyz,Bandra', 8769609896, 'gdf'),
(3, 'will', '', 'followup', '22', 'male', 'student', '65', 'D-402,Sonam Heights  CHS LTD,PHASE -XV ,NEW GOLDEN NEST, GODDEV VILLAGE,BHAINDER EAST ,THANE', 8769609896, 'magazine'),
(4, 'will', '', 'followup', '22', 'male', 'student', '65', 'D-402,Sonam Heights  CHS LTD,PHASE -XV ,NEW GOLDEN NEST, GODDEV VILLAGE,BHAINDER EAST ,THANE', 8769609896, 'magazine'),
(5, 'Karuna A J ', '', 'followup', '21', 'female', 'student', '50', 'D-402,wonam Heights D CHS LTD,PHASE -XV ,NEW GOLDEN NEST, GODDEV VILLAGE,BHAINDER EAST ,THANE', 9078987012, 'magazine');

-- --------------------------------------------------------

--
-- Table structure for table `reports`
--

CREATE TABLE `reports` (
  `mon_rep` varchar(255) NOT NULL,
  `no_of_visits` int(30) NOT NULL,
  `charge_collect` int(25) NOT NULL,
  `medication` varchar(255) NOT NULL,
  `relief_percent` varchar(255) NOT NULL,
  `new_follow_case_no` int(10) NOT NULL,
  `purchase_report` varchar(255) NOT NULL,
  `no_of_appoint` int(30) NOT NULL,
  `patient_id` int(10) NOT NULL,
  `curr_time` timestamp NOT NULL DEFAULT current_timestamp() ON UPDATE current_timestamp()
) ENGINE=InnoDB DEFAULT CHARSET=latin1;

--
-- Dumping data for table `reports`
--

INSERT INTO `reports` (`mon_rep`, `no_of_visits`, `charge_collect`, `medication`, `relief_percent`, `new_follow_case_no`, `purchase_report`, `no_of_appoint`, `patient_id`, `curr_time`) VALUES
('hfc', 4, 454, 'gfd', '77', 5, 'hg', 6, 20, '2020-03-12 16:06:38'),
('gc', 3, 600, 'vxc', '85%', 545, '645er', 2, 21, '2020-03-12 16:06:38'),
('normal', 2, 600, 'none', '77', 58, 'none', 5, 22, '2020-03-12 16:06:38');

-- --------------------------------------------------------

--
-- Table structure for table `tbl_images`
--

CREATE TABLE `tbl_images` (
  `id` int(11) NOT NULL,
  `name` blob DEFAULT NULL
) ENGINE=MyISAM DEFAULT CHARSET=latin1;

--
-- Dumping data for table `tbl_images`
--

INSERT INTO `tbl_images` (`id`, `name`) VALUES
(20, 0x89504e470d0a1a0a0000000d494844520000036c00000173080600000042738a3600000bc5744558746d7866696c65002533436d7866696c65253230686f73742533442532327777772e647261772e696f2532322532306d6f646966696564253344253232323032302d30312d3232543135253341303825334130342e3235335a2532322532306167656e742533442532324d6f7a696c6c61253246352e302532302857696e646f77732532304e5425323031302e3025334225323057696e3634253342253230783634292532304170706c655765624b69742532463533372e3336253230284b48544d4c2532432532306c696b652532304765636b6f292532304368726f6d6525324637392e302e333934352e3131372532305361666172692532463533372e33362532322532306574616725334425323264617046584f795043434a6d313671442d736c3525323225323076657273696f6e25334425323231322e352e352532322533452533436469616772616d2532306964253344253232345f73426d653458455468304c4d7668614e754d2532322532306e616d65253344253232506167652d312532322533453756786263357334475030316559774853596a4c5935323033596675624759794f2532423025324259715059326d4c6b415a4845253246665572444e6a7743636545476d466e33656d306c6777436e58503033595335495865723136394a7346372532424b55495733574172664c3068397a6359253242346971662532464f4f5464466857366a6f574351384c4c707148592532463846797337726249333479464c4777644b49534c4a3138334f7559686a4e70654e7669424a7845767a734363524e612532423644685a4d3633696342354865253242353248636c6e30657454613925324625324642253242474a5a58526c5a355465726f4471343745695851536865616c336b3877323553345351786166563678324c637577715849727a76687a34646e646a4359746c79776c69396d2532424f42376169594b596f325237776153354655707858445a4f46386a76373856646b2532427725324665375452377970694e62353364376530756d38704e42596d617944722532466d4b3269596b41796657614a35417130622532466d31486b544b4a5265784f6d516d70425172646344324a7162422532464f636945566b63336f6b6f50302532424e527036326632706a66497234496a3958697258715863705666764e4966587a695551524f39447a566e38704525324647533162346844664b4c6d4e79326d6d672532464d586725324269686d715425324663724569736c6b6f7734705433424b396b7235567279253246374c56417971356c54516256575547707673567533443142366b4f4a627455734b57766e7535556f743578684547564d6f2532466a25324653686c755572597a4a61666e7242744a3370556b6e5353456a4c463078424b756f32444f6c736f76734b54704b39346b46666e6e61534e464c422532464c32374371647546554554344e637835704d6f656338374b4a324e625732364d4d4648787776536b495a424f39684b5838567a44626f52646b557646556f4a63335339546e43696d57744e4378346d47596e7a78644378374c37547a703949626567305557693568703636767333464c5077675030645a44494b64616d525a74723039555a746c7359786b4e5a554f7933554a71462532425853757042346a39513053485a4d6b566a616852754c664b645064344a5842413875534e6c636c61764759526c636c5152716833253246677343524965784664574f37745442497774486d79647467564361676d716a72736725324636392532464e4554776d394751366c4435656f373479354a4c397268573131446676435142434638365144354152494d7445497671444b43326c575562696d674961624f6344646f754632782532464f4c41376f7176486935654c4c67464f676f794f4c763141364e6f67616431424f5236387a67654346337641446f3976472532465143327758444379494e306c4c4d4e41797658687137584868745542633541336a3174506c793461576745752532424e6a5734313849644131253246614236523066586a3237564a4e684c3670724a73545053774f59516f414854444936416f772532466b483464454a6d5230534d7a5725324664744b517553253242664b51674325324267516a4a53334149647130367431384c73594855767168762532422532425a4c4e46614e5778466638496d765349325772774369324c4672584b4c4f367a366d59445a3444726b4469455a65624b384764765a376254446e61456a706b6c47486436616b4a387166386e6c64734e62764d253246596978456836774964475338506847796458727044784e4d336231754f253246327549425a61327a44724e646f6e2532466b3246346a454972305332396e685968684b6a62777054505879634d4a6b6c7354584e6674655677736665327678745762445a4c3030485954686c6466335a7259554c4e6b574c32743279656f3138577764426a4a3373776d626930527837415372764377517a394c31446f5572325231434b6c446b4a43335031706b4e71665171686b4a396e6b554633303838316b744656335950685658326d62487236695a615935504634616638647853714a645a4d735446565056393456484772576e575961717772564a4c4e6a784c7862654f66764447685666502532427466376c253246615a7346626641517532484751426e624d6b6757544435786751627a365855434b6e6e6e78554a43564f6935732532464e69375a42586737336b477478547937496446322532464f554171736d544f796e503274476e44774e41626a6c4e4d5752746e532532463975677225324268434e323444364b4969595873706972494d566c73577738715756647a7a4b3345796256436a476e4661334c733964554b4b48705479367857644e3977517132636b466e3767466b6567466b66314c74364d34736d766d507425324639694e595247797a544b7462795350774c51524175477a37386a71536147326f2532427162585a3156726d66557478763037493435535344343448565053564472515058466c4354776f4a4a3435664c4850734254725838617262306d3873616d31756a763141766b33356879526455352532425969546d52674875524d5649434c50563072793458506b784a6c344e6b4759497552536c39686d5859616e312532424976584776484a575175326644415937345957704b75456e4b784e66456f646a326c49736544535579756f667a424b777637797147706778797a47744b722532466f4e6f7947356f79483233686d70706a612532463855694f7455565a253246324c7a6d684362514d7164664277674e3964557655767031665256745561542532424f726a70594b6c6942466d3269702532424a72344a78616c69253246253242756247656573584e625672736c426a4d766e47514875345a7a6848364d5279674f413873776f7a5538414475686a61704231586932644f4c6544687339357163516961674452654b77384d725a59447632626f49706936524d49675857354c3665687765592532423654633234377469694d656a6543457a3059475775637845423767635a4c764635673562347a6d47447744596d4367774b5172416531466b54394f3178687062456f4c584175676e5251756c2532424a6d51664a376c754654635641317275714c574a366d65397830587147784d707446796f62324a4a51495150332532463479734572394d617166526730584e61634a7347324e253242695a72314b5577424549574d71734c253246516e76596179586930485137502532426d38554b57327a426565457a5456536e696e47524b34527646764a34796464776a417732745557784b6f253242364a4e5572713164686270646c524e587147707654675135727633306f694536745a78304325324259564d36526f582532466432717a704335324e454639744835436662706435576b756237304647314f65503645396265694246325759307161686e594f54615a50756335767a554b6433667571304437776f36393137426b43624a367570714f6225324264633746346674335970505025324677452533442533432532466469616772616d2533452533432532466d7866696c65253345dcfeabee0000200049444154785eec9d0bd85563faff6fa49010aad110a974a0303afd2a928e22454e85ce39ce34494d0e51926890c67f46a8744009510ee944a2d2c93844a1126a228c24a144ffebf3cc3c7b9e77bd7bbfefdefbdd8775b8efeb7aae97ddda6b3debbbd6de7b7d9ffbbebfdf7df6eeddbb5734140145209408ecd9b347befaea2b33bef9e61bf9f7bfff2ddf7efbad6cdbb64dbefbee3bd9be7dbb7cfffdf7b263c70ef9e1871f64e7ce9df2e38f3fca4f3ffd243ffffcb3ecdebddb8c5f7ef9457efdf55733f8ca60ecb3cf3e66ecb7df7e66ecbffffe52ba7469330e38e00039f0c003e5a0830e92b265cbcac1071f2ce5ca9593430e39440e3df45039ecb0c3a47cf9f272f8e187cb11471c21471e79a454ac58d18c52a54a85f25ae84929028a8022a00828028a8022900e02fb28614b07367d8f22e00f04b66cd9229f7efaa97cfef9e7666cdab449366fde2cbccef8e28b2f0c31b264086204418228f13ac4090205918254312059902d469932650c01838cedbbefbe094ffab7df7e33a40e72b76bd72e43f818903f88200362084184284218218e104888a42595bc7ed4514749e5ca95cd38fae8a3e598638e912a55aa9871dc71c799d735140145401150041401454011880a024ad8a272a5f53c038b004468cd9a35f2e1871fca471f7d64c6ba75eb64fdfaf526c375fcf1c71b22c3b0c406a2f3fbdfff5e7ef7bbdf05eebcbffcf24bf9d7bffe6588a725a29052c6279f7c62b27bd5ab57971a356a48cd9a35cda855ab96d4a953c7104b0d454011500414014540115004c2848012b6305d4d3d97c0234026ea9ffffca7bcfdf6dbf2eebbefca7befbd27ab57af96aa55ab1a42c2a85dbbb62129279c7082c98c452d28dfb4c475eddab586cc32366edc2875ebd6957af5eac9c9279f2ca79e7aaafce10f7f3059430d454011500414014540115004828a8012b6a05e399d772810206bb474e95259b66c992c5fbe5c56ac58210d1a3490faf5eb1bb201e96014558e180a20327012946542741990de55ab56c9ca952ba561c386d2a8512369dcb8b13469d2c4642235140145401150041401454011080a024ad88272a5749ea140801ead575f7d55162e5c288b162d323d66a79f7eba346bd64c9a366d6a4885466611800c2f59b244162f5e2c6fbcf186e9916bdebcb9b468d142ce3aeb2cd3cba7a10828028a8022a00828028a805f1150c2e6d72ba3f30a0d021b366c90d9b367cbcb2fbf2c73e6cc91d6ad5b4b9b366da455ab56a6744f23b708506aba60c10299376f9ecc9f3f5fdab56b27679f7db6b46fdf5eaa55ab96dbc9e8d1140145401150041401454011280601256c7a8b2802594000e18c1933669841895ea74e9da463c78ed2a143072381afe10f04b02978e1851764d6ac593273e64c537edab97367338228d8e20f5475168a8022a00828028a802290490494b065124ddd57e411983b77ae3cf6d863f2c4134f48d7ae5da54b972e72eeb9e7461e97a000f0e28b2fcab469d364ead4a972d96597c915575c216ddbb60dcaf4759e8a8022a00828028a802210420494b085f0a2ea29e51e81471f7d541e79e4116336dda74f1fe9ddbbb7f131d308260278c84d983041c68f1f6f4cc0afbcf24ae9d5ab57304f4667ad0828028a8022a0082802814640095ba02f9f4e3edf0840d4468f1e6d3ccffaf7ef6f7aa134c28500bd8763c68c31de7003060c50e296e0f2eed9b32766808e193aa6e898a323b483593aa6e998a763cb807dc5ce9d3b8db13ae498850e4cd719f80e52aacac0738f81df20837262067e7b18ba3320d42c8e60f85eb66c5963e350ae5c39637981293ce6f008cb60168f693ce6f1d648be54a952e1ba59f56c1401454011500442898012b6505e563da96c23f0ca2bafc8edb7df2e3cf00d1932c4a80d6a841b01d43d478c18211093a143874acb962dc37dc29eb3dbb2658b312fb766e69b366d32e6e6bcce40f1146264c910c408820451e2758813040a2205a96240b2205b8c3265ca180206192bcac602fb06481de46ed7ae5d86f031207f104106c4108208518430421c219010c9afbefaca0c5e4731b472e5ca6660367fcc31c7c4cce7b17fe0750d454011500414014520df082861cbf715d0e3070e81c18307cba44993e49e7bee916eddba056efe3ae192213065ca1419346890f4e8d143468d1a55b29df9ecdd10214cc83ffcf0c39839f9ba75eb64fdfaf526c375fcf1c71b1f3b46952a55cc80e890610ea2480be240644e219e9688424a199f7cf289c9ee55af5e5d6ad4a861ccea19b56ad53206f6104b0d45401150041401452017082861cb05ca7a8c5020c0035cdfbe7da552a54aa65f8d0c81463411208b435fdbd6ad5b65dcb87186c8042d38070cc65131c5eae0bdf7de93d5ab574bd5aa550d2161d4ae5ddb9094134e38c164c6a21664ea3efef863435ed7ae5d6bc82c63e3c68d52b76e5da957af9eb1e6405d14a37bfd4e88da1da2e7ab0828028a406e1050c2961b9cf52801478007d90b2fbc50ba77ef2e37df7c73c0cf46a79f2904468e1c2993274f96679e79c63cc0fb39c81a2d5dba5430125fbe7cb9ac58b1421a346820f5ebd7376403d2c128aa1cd1cfe797cbb9519609d165407a57ad5a252b57ae94860d1b4aa3468da471e3c6d2a449139389d45004140145401150044a8a8012b69222a8ef0f3d02944dd1af74edb5d7ca75d75d17faf3d5134c0d817ffce31ff2e0830f0a7d8d7e2a0ba4478bbebb850b17caa2458b4c8fd9e9a79f2ecd9a3593a64d9b1a52a191590420c34b962c91c58b17cb1b6fbc617ae49a376f2e2d5ab4307daef4f26928028a8022a0082802a922a0842d55c474fbc82170f1c5179b1e963befbc3372e7ee9e30c20ed75f7fbdf126e3813f5124bb5db260667a7fc91e3795ed6eb9e516a1d7eba9a79e4ae56d19df76c3860d327bf66c41d972ce9c39d2ba756b69d3a68db46ad5ca94ee69e416014a4d172c5820f3e6cd93f9f3e74bbb76ed8c926cfbf6eda55ab56ab99d8c1e4d11500414014520b00828610beca5d389e70281e79f7f5e6ebbed3679e79d777271385f1f2359e294ec76c99e6ca6f797ec7153ddee94534e91e1c387cb79e79d97ea5b4bb43d19e01933669841895ea74e9da463c78ed2a143072381afe10f04b02978e1851764d6ac593273e64c537edab9736733fc9499f5075a3a0b454011500414011701256c7a3f841e01ca92108540408181ca1b7f93118aa06f0d4fa7891327fa0a274b621e7ef86133afc71f7f5c2ebbec32f3df946451f6465c75d55572fffdf71bd974ef7becbfb11d993324d0a74f9f6ecab9c8a0dd71c71d86ac12bc469f13dbf1971240b207ee712d40f63889b64b343fdeef1ed3eedb4bd8783fa5a9cc15410cbf44cf9e3d8dc718fd6cb988b973e7ca638f3d264f3cf18474edda55ba74e922e79e7b6e2e0eadc7c800022fbef8a24c9b364da64e9d6a3ebb64aedbb66d9b813deb2e14014540115004c2868012b6b05d513d9f4208e0bd84c29b77e0cbe4123897d0b1138405ce38e30c535ae637f5371ed251adbcf5d65b8dbf142579946c72aefdfaf593071e78c048ae43b0905c673bc81061dfc34322ff6d8998dd8e6ddcfda390376cd830b9f7de7b63fb800422b6108f38598285c805fb71e7c4be2fb9e412a1efcb7b5cb6b50484f778b7e38196601b4b42fd74bba3ba48c9dbebafbf9e55e10eccda5129c56cba4f9f3ed2bb776f43c8358289009f97091326c8f8f1e38d0938eaa3bd7af50ae6c9e8ac15014540115004b2828012b6acc0aa3b0d020248765b1287ef94fd6f24bb31d0a5ff077fa6975e7ac977a7e3122a7772bc8ed881253464a3e2111c376b658913821490b8442588f675bb1d44f18f7ffca321736ea6cbbb1df3832c5a0f2f773ecc8f7f63de64edd8c6660a2dc11c3870602cb38780c6dffffe7763c8ecc738e79c73b276bf40d4468f1e6d0878fffefd4d2f9446b810a0f770cc9831c61b6ec080014adcc27579f56c1401454011481b01256c6943a76f0c130290354a9418648e4a972e6d1e88c912f931c36649905bb2481923c4e7f2cb2f2f706928b3b2992eb2569432da704b1dad980844cc66df5c71112f912b8eb0b9e22496b0715c97507ab377960cb29d25a596b0f11a5e60f46715257a92affb325b1936d4276fbffd762955aa940c1932c4a80d6a841b01d43d478c18217bf6ec91a143871a955a0d45401150041481e822a0842dbad73ef267fee69b6fc6481a12e8f4ff60847bcf3df798cc11e5847eed61732f9e4b9cf083b2a592ee36deac57bc0c9b2558c565d85c62974c86cd3d36be54e966d838ee91471e69327a7eccb265a3876df0e0c13269d224734f76ebd62df29fd9a8013065ca1419346890f4e8d143468d1a15b5d3d7f355041401454011f82f024ad8f456881402941c51e248268d6c0d248d81c92d9935b23737dd7493f15c23fcaa1269335664c212f5b051a6c876945761f08ce1b7cd6059e18f781936cedbed77230b465fdc5ffffa57193b766c4cd6bfb80c1bfba134f3f3cf3f8ff5d5f15a497ad8ac188a5b3ae9971b38932a9190eebe7dfb4aa54a954cbf9adf7a28fd827914e641e696beb6ad5bb7cab871e392124b8a022e7a8e8a8022a008440901256c51bada113c571e766ca9237fc9a0599256a74e9d182264db206b77dd7597117170c38f3e6cb66c11a540c22a3bf2dfae0aa32d87a4e7cb7d1df97902e273c1051714f257f32a4a262a9d2c2ac3e6aa44269a9fab626989a22df34ca412998828e6f3f6cea40fdbead5ab4d66b77bf7ee86646b280220c0a2cbe4c9938d0a69ddba751514454011500414810821a0842d42173b2aa78a5088256964d32c41e32f820dde78edb5d70c5943b9d0dbffc5b6f85cd14342d60d55440d45c04580fb06c1147acd4aeaa7a5f79ade5b452190c97b4d9156041401454011080e024ad88273ad74a64520f0c1071fc448dafbefbf5f80a4952d5b36e13bc95041d6e8abbae8a28b126ea7590fbdfde22190e9ac871fb3b9a95c79b7543795f7c5db3691c2a9bbaddb6fc9eba95a3eb8f3cde4dc4b7aee45bd3f93d9dc6cce53f7ad0828028a802290390494b0650e4bdd538e11e081ce66d2287db499b464cd67e94f83accd9a354bce3befbc6267af7d45c54214990db2d157e4d77ec9542e6a26494faa84ada4caa1999c7b2a98a5b36d26fb25d339bebe4711500414014520b7082861cb2dde7ab412224089a3150d39fcf0c36324ad71e3c629edf9e9a79f36e2193367ce3466c7a9842af7a58256f8b6cd96725f101449ddabe95a48d87e43480f022964ae19f44a62ce4ec4eb8bb4240b611b6b3961fb1a1101b21933deef9ac0db7924cab061f2ee9d07fd9a943c9f7cf2c9327dfa74e31de8da4dd872687b2e7ebe73b3a148eae7f3d5b929028a802210750494b045fd0ef0f9f9636eed8a862064613369b56ad54a6bf63c90d18f4666ad458b1669ed43bdb1d2822dd06fcaa637d66fbffd26679c71866f3dffbc17cecd7efdf8e38f3103f5a79e7aca88dbb8be7ff45d59754ff60381631bfa41214e5835b8e2355e93f53befbc532803747dfd92216cde7974eedcd91cdb55400d624924e79e2dcfbf407f4075f28a8022a008841801256cc55cdca79f795616bdbe403efc6883ecd8f193942b77a0d4aa79bc343fa3b55c74e10521be35f2776ac8c05b92366fdebc02fd6825157598306182dc78e38d86ac21e55fd278f4d14765f4e8d146cca47ffffec66c5b235c0860053166cc18638f3060c000e9d5ab57894f70fbf6edf2d5575f99815cfb962d5bc45a4e9478e739d841a2f241970cb9d92f16575c33f6647acf2c29c47e83ac18eff7465119364b0ebdaaa2d690dd92376b1111a49248ceed9c73ce31d5061a8a8022a0082802e14740095b826bbc78c952197dffbd52a7cec1d2aeed9152f7a4f272e8a1a565fbf6ddb2fafdef64cedcaf65cd9a1f64c0f503a559d3923ff887ff562bfa0cdf7befbd58a9e3871f7e5880a41d78e0811985e7adb7de92d34e3b2da3fb84b8e197f5f3cf3f4b9f3e7d8c3540a6e79dd109ebce8a44002200b91f3f7ebc1c70c001c607ab38a246960cc11b089825639690b9e48cff2e5dbab454ac58d1fc85bc71bcdab56b0722c3e63561778174494f3cc2666d28ec7bc876136fbcf186f1ec733f33d686e2e1871f96f5ebd7cbedb7df5ee833551461b3442c8c844d336cfa05a60828028a40b41050c216e77acf993b4fee1d7daf0cbbed2469d6b452c23b62f192ad326cf8073270c00dd2ae6d9b68dd3919385b1ed26c260da2634b1d5bb76e9d81bde767173c90d277c32a7ed7ae5da54b972ee6bc34828100f7e3b469d364ead4a926a343195eb222369c213e7f985d43c618ee7fbbaff1c08dc71aa5b5dcfb90fd49932649b972e564e2c489be07aba80c9b254a5ec216cfb38f134d242ee2be4e4f5a3cb3f4a81236ed61f3fd474427a80828028a40461150c2e68173fd860d72d9153d65fcc34da46eddf2c582bd7af536e973d55279e2b14952bddaf1c56e1fe50df6eedd5bc01f8d0758c84c870e1da4418306a182063fad19336698f1f6db6f4ba74e9d8c2225e7badf7efb85ea5c837c32bffefaabbcf0c20ba64416019a534f3d55e8756294b4fc36112e63c78e353d596462f7d9671ff9faebaf850c6d9054225990b059317ad86cb9237d7ef1089bb787cd8a8cd0df460f5bbf7efde481071e88098180dd59679d15131da14c7ad8b061f2f7bfff5d3081b71155c2a62a9141fed6d1b92b028a8022903a024ad83c98dd74cb5fa46eddefa5eba555934673ea931b65f5ea43e4ae3bff9af47ba2b2e177df7d574034a461c386b14cda09279c100918366cd820b367cf363d4a73e6cc1132886ddab49156ad5a99de1c8ddc22f0eebbefca82050b84fec8f9f3e71b95507a0fdbb76f2fd5aa55cbda64962f5f6e881a0b17f8b741d6b80f202f64e28820f9b09165bbedb6dbccbc5d95c84484cdab12e9aa31daf247f6154f25925249b7f72c1b84cdaa5efa5d25527dd8b2f611d51d2b028a8022e05b0494b03997e6cbad5be58a6edd64fedcb352be60addbbe2a8f4d9922bffbef8357ca3b08d11b3efdf4d3184963c5dd963af297ac5a9463dbb66d02260b172e94458b16c9175f7c21a79f7eba346bd6cc28e9a56a4f10652c933df765cb9699b2bbc58b179bacd051471d25cd9b37370aa16471ca972f3e939eecb1e26df7cb2fbf18a2366edc3843d4aeb9e61ab319849d4c9efd7f5e2333dbb2654ba3628a8aa28622e0224046f2c1071f34a5b4d9ca002be28a8022a0082802fe4340099b734de85d5bbce4711931fcc494afd490db3e90664d2f8f6c2fdb3befbc63481aaa6508045892460920c20a1af11180dc2e5dba542015646056ac5861ca43ebd7af2f581850a2c7d877df7d15c2621040f483f253061e5eab56ad92952b570a59dd468d1a19328c32e871c71d97332c9f7cf24943d6208690b50a152a9863f3d0fddc73cf990c9f3756af5e2d78b275efdeddf4b969280220c0fd3379f26479e69967a46eddba0a8a22a00828028a40841050c2e65cec8993a6c8aedd8be4ea2b532fd57be8918fa54ce9e6d2b347b7c8dc3e6488ac68c89e3d7b62248d0c81467a08204601d9807450ba877a260ff055ab56953a75ea98819a20a6bf0c442aa2163b76ec3065848cb56bd7ca9a356bccd8b871a3799045f8835253882ea41703e55cc7c71f7f6c88da279f7c621eb45de112b2685c3bca3213f56ef2bebe7dfb9a52490449f2710eb9c64c8f171f01be135029457d942c2d25a71a8a8022a0082802d14240099b12b6a4ef78041a5c13eba38f3e3a46d2322d939ff4a422b02125751012ec0e2c5159b76e9dc964d207c5031c592346952a55cce0dae00d17c4b229080d9e679b376f16c4261864221910197ac0aa57af2e356ad48811577cbe20b3fbefbf7fdeef88bbeebacb90b5112346c4cd90a1f0c77561bbe262f0e0c1463df29e7bee916edda2b318541c2e51f9f72953a6c8a04183a4478f1e326ad4a8a89cb69ea722a00828028a800701256c0e205a1259f8f3f1edb7df1a153d4a1d216b9494d972471e9a35f28b0086cb10194b6c366dda64880eaf33e891a347cb4acaa3c887cadee1871f6e5e3fecb0c3e4d0430f15cc89c9e2300e3ae82033f01f2b53a68c29698508155596493922c472f7eeddb26bd72e23558f7a20830c01e3fbefbf379e6308d1d0cbc7bd8547d637df7c13f32de3757acc2a57ae6c06c4f398638e8911514829affb31b074a084916c2859b578a23a7c96060e1c688877b241bf121e64a54a959221438698f24a8d7023409f2b849fca85a143879abe460d45401150041481e822a084cdb9f62a3af21f30c862d84cdaebafbf5e403484077e8de020c0039f356d86184190204a10238813040a22459921a46ae7ce9d8664a1e807e9828031206364581964b81864f718d814302075903b06640f653f885fd9b2650d11a47c1362084184284218218e1048ee2b4b2a2126410a64f9ada71a44edd24b2f4d387d4a36215f175c7041caa788f4ffe8d1a34de6b47ffffe46d952235c08a0243b66cc1893611e306040b166ede13a7b3d1b4540115004148144082861f3201355597ffaa62c49235be32a3b06ed015a3feed941802c9a1df60864ddecc8ce51fdbd57d7530db256d46705097c1643908d2f4940dce86b8350e3e5d6bb776f438e358289008b2313264c90f1e3c79b850efad57af5ea15cc93d1592b028a8022a008640501256c1e58d76ff8442ebba2471ac6d913a57a163d9cb271f59196b7248dfd5b9286dcb98622a0082446c07aaab105440d25caa2021555ca892985a4c433134109e6638f3d66fcc9ba76ed2a5dba74319f618d6020c077efb469d364ead4a9c678fc8a2bae28204e138cb3d0592a028a8022a008e40201256c7150a697edded1f7c9b0db4e94664dff63681b2f162fd92ac386bf2f03070c0c849c3f656dae6808fd4096a4a1a8a7a1082802452390c853ad38dcf07f238bfde73fffb9b84d53fe77445a66cc986106eaa29d3a75928e1d3b0a961a94aa6af80301ca89e9619c356b96cc9c39d3a898e2c3c708a238903f50d55928028a8022100d0494b02524634b65f4fdf74a9d3a074bbbb615a4ee4988339496eddb77cbeaf7b7c99cb9dfc89a353fc880eb074ab3a64d7c7bb7d05f63491ac221679c7186799083a8218ea0a1082802c92190c8532db977e766ab0d1b36c8ecd9b3855ea83973e648ebd6ada54d9b36c6a41bab038ddc22803507f60df3e6cd339e7beddab533bd87eddbb7976a01abc8c82d727a34454011500414011701256cc5dc0f4f3ff3ac2c7a7dbe7cf8d127b263c74f52aedc8152ab6635697e462bb9e8c2d485037271fb21f76e491aa6cc6e3f1a220f1a8a8022903c024579aa25bf97dc6f89b00c6a83943ee3998862e8e9a79f2ecd9a3593a64d9b1a23718dcc22b06cd93259b264892c5ebc58c8aaa278dabc7973a1cc1c754f847634140145401150041481541150c29602628d9a9c21cb97be9ec23b72b7e9aa55ab62240d397797a41525c79ebb19ea911481e02180571a0a90f4a9dd74d34dc13b0167c6d83fb08003a9a0076fc58a15c6b8bb7efdfac6609c123d867e5f147f9911dfa1fc9441a92bdfbf2b57ae34bd8c8d1a353264989e45cace351401454011500414819222a0842d0504fd46d8f067b29934d4e92c4963455743115004d24720194fb5f4f7ee8f7762e300d9807450baf7de7befc9ead5ab4da93426e48cdab56b1b73723ce5b064885a6079418615b198b56bd71a037bc6c68d1b058b867af5ea995253882ea417fb0a0d454011500414014520d30828614b01d17c13360c895dd1108cab2d49d3fe94142ea46eaa08244020154fb5308288a80a84e4c30f3f342485b16edd3aa1cc1acfbde38f3fde648d1855aa5431037373bce182289c81600b9e6798cd5bf37932910c2c18f01be47bb6468d1a86b8326ad5aa65c82cbe831a8a8022a00828028a402e1050c29602caf9206c5bb76e2d40d2100fb024edd8638f4d61f6baa922a0081485402a9e6a514492526b888c25369b366d324487d719f4c8d1a3650dd03143c7149dbe595ec72c1dd374327564a21818abe321c72853a68c315d8708155596493922c412437716b1f0316360f84ed69041660c5378cce1e9e5c32c1ed378cce3ad913cafd36356b9726533209e582e58220a29e5750d454011500414014520df08448eb08d9f3051c64d989873dcfbf6ee297d7af74ceab894e0d84c1a7d266e3f1a0f3d1a8a802290390452f554cbdc91c3b5a73d7bf6c4c810c4088204518218419c205010a91d3b761852b573e74e43b2205b988043c018903124f01964b81864f718d814302075903b481e03c207f92b5bb6ac2182e5ca9533c41082c877268411e2088184485a525994d179b8ae8e9e8d22a00828028a409011881c612bc9c5ca66860d6266491a2bc02e492bc99cf5bd8a8022101f81743dd514cfec234016cd0e7b34b26e76647f067a044540115004140145c03f0828614be15a649ab0e1cd63491aabc396a421bbada1082802d94320089e6ad93b7bddb322a00828028a8022a008040901256c295cad9212364a7f5cd1109ad72d4943714c43115004b28b40503dd5b28b8aee5d11500414014540115004fc8c8012b614ae4e3a848d467c97a4b56bd72e46d26870d750041481dc2010264fb5dc20a64751041401454011500414013f20a0842d85ab902c614312db92347c8e3a74e810236934c36b28028a40ee108882a75aeed0d42329028a8022a00828028a40ae1150c29602e24511b665cb96c5481aca68b6d4b17dfbf6291c4137550414814c2110754fb54ce1a8fb5104140145401150041481fc22a0842d05fcbd846dce9c3931928684b425694d9a344961afbaa922a008641a01f554cb34a2ba3f45401150041401454011c817024ad85240be41a3a6327040bf18493be9a4930c49a3e4b14e9d3a29ec4937550414816c20a09e6ad94055f7a90828028a8022a0082802f94440095b0ae81f7dccb172ea29f56299b4dffffef729bc5b37550414816c218069f3cd37df2ce3c78f973befbc53aeb9e69a6c1d4af7ab0828028a8022a00828028a404e1150c29602dc0d1a379595cb96a4f00edd54115004b28d009e6a90b5962d5bcac89123a542850ad93ea4ee5f11500414811223c042d3575f7d65c637df7c23fffef7bf851ef86ddbb6c977df7d27dbb76f97efbfff5e76ecd8213ffcf083ecdcb9537efcf147c122e8e79f7f96ddbb779bf1cb2fbfc8afbffe6ac6debd7bcdd8679f7dccd86fbffdccd87ffffda574e9d2661c70c00172e081070afeaf65cb9695830f3e581044a3b5e3d0430f95c30e3b4cca972f2f871f7eb81c71c41172e491474ac58a15cd2855aa5489cf5b77a0082802a923a0842d05cc9255894c6197baa922a008a489009e6a10b58dc6d4c01700002000494441541b371aa2d6b66ddb34f7a46f530414014520f3086cd9b2453efdf453f9fcf3cfcdd8b469936cdebc59789d81ed0fc4c8922188110409a2c4eb10270814440a52c5806431205d65ca9431040c32b6efbefb263c81df7efbcd903ac8ddae5dbb0cd983f83120820c88210411a208618438422021929654f2fa51471d25952b5736e3e8a38f16ec89aa54a962c671c71d675ed750041481cc23a0842d054c95b0a500966eaa08641101f554cb22b8ba6b454011481a0188d09a356b043b9f8f3efac88c75ebd6c9faf5eb4d86ebf8e38f37448661890d4487968adffdee77491fc72f1b7ef9e597f2af7ffdcb104f4b4421a58c4f3ef9c464f7aa57af2e356ad4909a356b9a51ab562dd3e70fb1d450041481f41050c296026e4ad852004b375504b28080f554e321885eb5134e38210b47d15d2a028a8022501801325178abbefdf6dbf2eebbefca7befbd27ab57af96aa55ab1a42c2a85dbb768ca844d177954c1dd50f10d7b56bd71a32fbc1071f184257b76e5da957af9e9c7cf2c972eaa9a7ca1ffef0079335d450041481e21150c2563c46b12d94b0a500966eaa08641001f554cb2098ba2b452000084c9b364dba74e992d7994232962e5d2af8aca240bb62c50a69d0a081d4af5fdf900d4807a3a872c4bc9e808f0e4e5926449701e95db56a95ac5cb9521a366c288d1a3592c68d1b0b9648642235140145a030024ad852b82b94b0a500966eaa08640801f554cb1090ba1b452040089c73ce39a6acb07ffffe39537da547ebd5575f95850b17caa2458b4c8fd9e9a79f2ecd9a3593a64d9b1a52a191590420c34b962c91c58b17cb1b6fbc617ae4ce3cf34c33ce3aeb2cd3cba7a1082802224ad852b80b94b0a500966eaa08941001f5542b2180fa764520e008bcf6da6b3266cc18537a78fdf5d7cb9ffef4a78c9fd1860d1b64f6ecd9f2f2cb2fcb9c3973a475ebd6d2a64d1b69d5aa9529ddd3c82d02949a2e58b040e6cd9b27f3e7cf9776eddac9d9679f2deddbb7976ad5aae576327a3445c0470828614be16228614b012cdd5411481301f5544b13387d9b22105204c8c0dc7ffffda624918c1be40d418f7403e18c1933669841895ea74e9da463c78ed2a143072381afe10f04b02978fef9e7cd983973a6293feddcb9b31941146cf107aa3a8ba022a0842d852b972c61a3565b6bda530056375504fe8b807aaae9ada0082802891020eb4ec68dcc1ba40df286ac7db28168d1638f3d264f3cf18474eddad5f4c89d7beeb9c9be5db7cb33022fbef8a2d0db3875ea54b9ecb2cbe48a2bae503b973c5f133d7cee1050c29602d6c912b6db6fbf5d264d9a6494a368a0f5fe45d25743115004fe8700aa62b7dc728b9185564f35bd33140145a02804de7aeb2d43dc2861b41937bcc912c5a38f3e2a8f3cf288f11febd3a78ff4eedddb18476b0413018cc3274c9820e3c78f377e74575d7595f4ecd9339827a3b35604924440095b92407df8e14772e3cdb7cadd23ef905ab56a16f92e326c98f9a23065ffbaff8d11652232c7eb152a54487256ba992250340294175ad353ee3b8c503144a5b91e83548c529161deb16387314fddb973a73153e50791871b8c5619780d519ec2c06787414912831222061e3bac7633f811e5818887a8b265cb1ae96624ae3180c5081643589ac93188c52896d2245ebbe38e3ba454a9527a5915014540112816017adb206ecf3efb6c2ce3c6f78b0d88dae8d1a38de719c48e5e288d702140ef21f700de7003060c905ebd7a85eb04f56c1481ff22a0842dc95ba17bcfbe52f5b86365e3a79fc9e489e3927c57fccd781876099c97d4f1805c14a1e3a157431100812d5bb6987bc91a986edab4c9189af23a0395338851c58a15cd38f2c8230d418228f13a2489071cee2948150392c58074952953c61030c8585165be2c5240eab87777edda65c81ec48f011164400c218810450823c411020991b4a492d75109ab5cb9b21964a38f39e69898e12c196b5ed750041221c06202f763aa23ddf7a57a9c5c6f1f85f362618aef0d24f79f79e61979e59557844a17167f860c1962d40635c28d00ea9e2cf8f1f9baedb6dba465cb96e13e613dbbc821a0842d894b7ed7a87b641fd9476e1c3c50ee1e75afec95bd72d3e04149bc33bd4d78a0e5213c11a9e3213a5ea9a525793c686b8407018810e6a31f7ef8a1312365ac5bb7ce485e93e1c2449afb8151a54a1533203aac2a07b1311b4100564b219e9688dacf0325933c8056af5e5d6ad4a81133a8ad55ab9631ad8558e6fa8138d1f1a2f0a0ec17acdd79f0c967712195c1e72895ed83b26dd8cf6bebd6adf2c0030fc83ffef10f935df9cb5ffe22f7de7baf6949b8e79e7ba45bb76ee1f921d033490a812953a6c8a04183a4478f1e326ad4a8a4dea31b2902414040095b3157e9b959cfcbcc592fc8e447ff9755ebdeabaf74ead841ceef785e5eae31d98878a596f635b2284565e84aa2ae9597138ed041c944612a8a7219f2c694fcac5ebdda5c4f0809a376edda31a2429961d482f24d4b5cd7ae5d6bc82c83fb9fac219f0fb754331f0fd7617f50ce07a6c91e53bfdfc2ff8dc0671c6276df7df79952c71b6eb8c164f5fbf6ed2b952a5532fd6a540b684413017e47afbcf24a81d0d3e7c6efa7862210740494b0157105e95b839c41d6dcbeb544affbe566a02c2e51ffdc679f7d5664768eac8c46ee10e03a2d5dba54300f45010dd96aca7aead7af2f7ff8c31f8c8c314355478bbf26645920ba0c48efaa55ab64e5ca95d2b0614369d4a89131bd6dd2a489b9ff3514014520780850460d4983ac21343170e0405351c0a2d685175e28ddbb77979b6fbe397827a633ce0a02085891717bfae9a7a56eddba593986ee5411c815024ad88a409abeb5f33b75904e71326933673d2fcfcd7ca1c4fd6cb9bad0f638884614959de307b1a8ec1cd9bba0c7a2458ba479f3e679390d7ab4a8b55fb870a1300f7acc4e3ffd7469d6ac99346ddad4900a8dcc220019c6c769f1e2c5f2c61b6f985e17ae7f8b162d4c6f0b59390d454011f02f0264d521690c4819448d527082126afa95aebdf65ab9eebaebfc7b123ab3bc20f0f7bfff5dc68e1d6bfa1a83d8229017d0f4a0be4440095b82cbe2f6ad25ba72b9e867cbf55d834844a2ec1c448fe66e4be8e2f5d1054110e594534e31de3b23468cc809bc1b366c90d9b3670b6a56c850b76edd5adab46923ad5ab592934f3e392773d083fc0f014a4d172c5820f3e6cd93f9f3e74bbb76ed8c7a5cfbf6eda55ab56a0a9522a008f8040104ba6ce9e3c5175f6c88da09279c506076bc4e3feb9d77de99f35923720171c413aca4c1a2121e711884e7ca72c0ceff820b2e302a9bf89ab1709828129d2fd7c9be9ff7daf3e0da597c328955aa589375e57778faf4e9a9be55b757047c838012b63897225edf5aa22b96ef7eb65cdf496488bc82282ec1e387a62841140453f21dacc8d2a08e680792cf64b7321d1c03a97a06257a9d3a75928e1d3b4a870e1d8c04be863f1020e3fcc20b2fc8ac59b364e6cc99a6fcb473e7ce66e86aac3fae91ce229a08dc7df7dd86ac9d77de79a647edc4134f2c04c4f3cf3f6f1401df79e79dbc80944912920fc266417309573a84cd053fd1796412ab742e360bb5cc81df600d452088082861f35cb554fbd352ddde3d1cf2e77e203099bc7169f22daae41269f9a24a2e333997e2f6859218c4ed4f7ffa939180ce44cc9d3bd7ac2e3ef1c413d2b56b57e9d2a58bc9e669040381175f7c51a64d9b2653a74e35abe6ac38b76ddb361893d7592a02214280cf21224b455521d0b786f0d2c48913b37ee67ca75f7ef9e5e6388f3ffeb8f97e8000206ec2f73e63f8f0e172ebadb79a6d2c097af8e187cdff53926dc910a249975c72891196a2178fac1a7db73633c5f664ace829b7fbb32788150ac7e67804c724f3e8cd90b904c99d3b789269aa59b3a6993f19306f86ada8ede39d6f711936e669b143bd13e3734a15b198e17c6eb9e5169321e5ffb315a846224682ed83862210440494b079ae5a517d6b892e70bafd6c9004fa99ce38e30cd3c7c4dfb04bf223d39ea8e412b194a2b273d9f0dfb2669bcc8b6cdbfffddfffa5f539c6a015653294cafaf4e923bd7bf7ce59594b5a13d6371589000f2013264c300a637c26511c534356bd691401ff2080c810bf999499675b11d2cd1ad136f0c73ffe51860d1b264f3df594e98f85e0e0270909c3620062061922205c6c437f1d44893e70fb7e9734f1db076183b84060e295275a62c4f302a40de2d7af5f3f636d80c812b6271c0f12648fc1bc980b738410b9f38a47d8987351db533562cf8339703c04b2922d89f49243b0e139c84b4c337da741d6287f7ffdf5d755c42bd3e0eafe728280123607e664fad6125d9574fad9c8b0f1e5e10e4bdcf8218a028173f1a43f2e5e76ce123cfce98acace9564758e8773b26d8ca1438726fde183a841f45809455e9a5e288d702140efe19831638c371cf78712b7705d5f3d9be02270ce39e7c84b2fbd94f5134854cee7921f37cb842fa4253390b7441928b757cd9242fac0c98225d317978898e1d999a81f0ee266895d323d6cdeed2d09e5affd3737c3c7ebc5f5b0f13ec26629117f2aaa143353173857f74ba6e6abfb51045c0494b0fd178d54fad612dd4225ed67b3040e253b4be2e8afb2e40d3297ab66643f7e4c76eedc59a4200a2bae4565e88af32c23c3c72a21fd679030e4e013058a5364484b952a2543860c316a831ae146805560846a585880d4a34ca7a1082802f941205719366f56cb3d5b97c8c5236cb66cd1be87524a82df78afb808848ddf7b4a28e9afe6f725deefbdddceeed39638ba993b327f56ecc35b9ac9fb6ce9663cc266b365b69433def6964ca64bd8c80cb2484a7690efd46c9743720e9a61cbcfe7548f9a390494b0894849fad0dc4b91a9fdd87deedebdbb50068e2f74370b176502e7fd182088623374f1327565cb962d92d0952e5ddaec92d246322937de78a32163de183c78b0d0ff462d7eb76edd32f769d43d0502017c7d060d1a24f4448c1a352a1073d6492a02614420573d6c4565d8bcc4885246326c6ed9a38b7d22510ef775575dd17dafed5fa37c908c949b61b3e595188743f828cbe73548954b108bcbb051d152d4f6ccc7962fda0c63aa193648248b5ed5ab5737e6d6d92e8764ce3d7bf614ec21b4872d8cdf04d13827256c22c61cfbfc8ee749a78e25570f9a39eb05215b87d976a6c32570360b8711b09b813be8a083327dd8d0ec8fcc99db3fe72575a802da924bbcb96812279b42b68d6c0a65247dfbf6157e102175d9ee9b080df0213c11566be96be36163dcb871314fa8109eaa9e9222e05b0472a512e9921e7ad86cb92359f77884cddbc3664546e86f231366fbce2cc90260aa346c29213dd5f4c859610e7b01bc848d79b1706845446cf6cd0a99b0a01b6feecc0f92142fc3e612367baeeef6b6678f39a5d3c3e666e7102271c558b279a3a112496611d5510d45208808449eb0dd35ea5e73dd6e1a3c3063d72f1bfb8c37b95f7ef9a550060e02e766e094c0257f593ffbecb318a17bf3cd378541df124a8ffc00b29a8b692b9e2e1a8a00088c1c3952264f9e6c566debd6adaba028028a408e11c8950f1be4060b01c255894c44d8bca588f63dbcdf2d6b8ca712698996ed35732175151c295b445dd20a945842c7ff5b62e4aa4aa2787bcd35d7184f504a326d26cf1502b1fd779473c6dbde5589b4e7549c4a2473b1f3b6ef81c4c623a5d9b87d107159b76e9d1189d15004828a40a4095b26fad6125df892f6b3a5734379091c59b8c68d1bc7327064e294c02546f6e38f3f360fde8cefbfffde1034c6d1471f6d326cd75e7bad51fad250045c0458357ff0c10785be46f56ed37b4311c82d02544ee8f7736e31cfc4d1dcd2cc4cec2fd13ef4fb399be8eabe73894064095ba6fbcdbc172ddbfb4fe62681c0b902260899580267b370f4754539b66cd9224f3ffdb42169d4fd43d0304d3ef3cc3363b0e46a05b724d72108a6abc99e5fb226aec9ee2f17db956405f7db6fbf95050b16c8ead5ab6392dbb998b31e4311080b027c76b402223857936ca52dad2c89ba737167ac1510c521a4ff1e2404224bd8fed3b7d6413a75cc5e3db3f1679bf54256fad9d2b9c9e8c7f2da08346ad4a840062e0a046efbf6edb14c1af5f3369386e4af3772d52391cef5f4cb7b324db032bdbf5ce1944a8f049f43481a59b977de79c764085ab56a657a5b34140145207504b4c73875ccc2fa0eed310eeb958df6794592b0fda7c76cafdc347850d6af3ede6e22fb94a8478e1af46cac425902e766e190b2778dbcc324acf1e4934f1aa2f6ecb3cfc6481a646ddf7df74d781fe44a85aca437a29b61a3611d03d777df7dd7f8f9d88674dbf8ee7d3d9134b5eb1f64259ee335885b82851c34a581ecbfb87e0dab6e1aaf2fc44bd85cd3599af4fd1a45a99081bd25689034fa44206976f8f59c745e8a40d0105015dfa05db1ccce57557c338ba7eecd3f08448eb099acd7cc1764f2c4ccab3826baacdd7bf695f33ba59fcda33117d2f6a73ffd494e38e184acdd3dbffefa6ba10c5c83060d0a64e0824ce0785086cc5812561c90b9f2f9296e1ec9fcbb256c9480208a629bd0791d253357761922665f7795c2680cf79225d718361171b2ef415d8cbe846fbef926a682c6dc218ff411587f1f4cc6392edba28a66dfe3dd8e73201219c026834b2eb7717d7ee881e47eb3e3e79f7f8e65d12069288d6a28028a407610509fccece0eae7bdaa4fa69faf8ece2d1308448eb08d9b30514e6fda446ad5cadd4a3dfd6c6f2c592a7d7bf74ceb9ad1548dbceffffb7fff4f3a75ea64885bfdfaf5d3da572a6f72099ccdc2715cd746a03833ea548ee7c76d29937ce9a597fc38b502734a44d8ec464595191667fe6a3d7f12ed239eb1acdd2746e62ee1629efc1b248d6c9c5558639e5e4f1f08dec2850b0b495bfbf962b0a0826cf7ca952b635934bcfa38170d454011c82d028f3efaa8b1656191a87ffffe72f6d967e776027ab4ac2380e2e59831638ca233fea9bd7af5cafa31f5008a403e10881c61cb07c8993a269e289036c81b992f8c39f16ec9559071f2f6c09d76da6905327061227041ccb021d56cbd73ac2c33e488925aafbcb37dbd38c2c67edc70cb1d793d1e91b3fbe4df5d13562be58c9c34db207ee3faf2d08762b381bcf790430e918e1d3b1a9358bf071936cee7bbefbe934d9b3699725402d96d089b3b4e3df554b146ed7e3f2f9d9f22107404206e786792e9eed3a78f3195b665d9413fb728ce9fdf9c091326c8f8f1e3e580030e309e984ad4a2782744eb9c95b005f47a8f1d3bd610b7a38e3aca64dc78a8cd75b804ce66e078287533703c70073982d8c3e63e8824528f745fb75e3c1027d798953e2b160528c92daa77cc9b6173ffbf2419364a22c956e5caaba7a4f7a9dbc3c60304bd14104d32b4f4f541dc186fbffdb6f98b488997c4952953a6a4d3d0f72b028a400204587cb265d85dbb76351e9be79e7baee21510045e7cf14599366d9a4c9d3ad52cf4f11b81579c862210050494b005fc2a932581b851be0871b37d3ff938adbd7bf716cac0f140ea1a79078dc0054525d21230ca17c9505992657bd5f09073c997b7878d7212b273108966cd9a891517717bd8ac6809fd686ec6cb1234ee39f6419f206a870f3cf080b90d4bd2c3c671dc0c603eeeeb648fe955897ce18517cc4305de8794ed9055b381e08f25702e91ab57af5ea16c9c92b864af806ea7082487006d063366cc308305145a0d58f4ecd0a183ecb7df7ec9ed44b7ca3a023cd7f03d3a6bd62c993973a6f90ec57687a19e9759875f0fe0330494b0f9ec82a43b1dbed42897e46119e2e60783672f81230bc743adcdc0f13708042e683e6c9674712fb1fa684b1f21699031efeb6ea9e4a041838c69b8152db164ccaa447acb21d9573c9548574dd23dee55575d65485d2a2a91cc2f994c5fba9f9d4cbc2f910f1b1e6beddab59355ab56c9f0e1c365c89021090fc7c3493c1277d2492715227194016928028a40c911d8b06183cc9e3ddb2caacc9933475ab76e2d6ddab431361bb6acb9e447d13d248b00d50828eace9b374fe6cf9f6fbe3fe93d6cdfbebd54ab562dd9dde8768a40e81050c216b24bfada6baf998cdbd2a54b0d7163f845d91102e735f2b604ce66e10e3df450df5d11566351f6234be50722ec3b80223e21328e08a8a04c9768d597ace77df7dd67ee231e46920dca8ee391b83a75ea142271da93932caaba9d22101f816ddbb619555dc48e162d5a245f7cf185a91061a18b6c7fe3c68d15ba0c23b06cd932a35acc221fcf07b479346fde5c5ab468617af4cb972f9fe123eaee148160221069c24689972ddd727b7482528255d42dc7431ec4ede9a79f36d909885be5ca957d77977a454c58d17433707e2170ab57af367600ddbb7737b2f91a8a000860a33079f264e3ef57b76edd2241611185b2abfdf7dfdfac1e93394b2758f88847e2e839f48a9b508ea9a1082802e9218055099f5b48c5f2e5cb65c58a1546f00bb5643e6b94e8318af2f24cefc8e17b178b4f949fda1e5eaa0e50d3c5fbb551a346860c3769d244e87bd650041481c2082861fb6faf4dd8089bbdd4ebd7af8f59025c7df5d586b8f160e7d780c0b959387a7a5c23efc30e3b2c6f5347c1b06fdfbec6430bc531bf642ef30648840f8c2224c2225bb76e9571e3c6197b826483fb998740ca23e935cc54c42371d80c78495cd9b265337548dd8f22102904f8dc5be1204af7de7bef3d6131af6ad5aa42d69b51bb766d23d2c408936a72b2177ac78e1dc2623863eddab5b266cd1a33366edc6816b5f84d676116a2cb7793fe8e268bac6e17750494b01543d8acd0025fce7cc94c9f3e3da6984726eeb6db6e33f790ededb1fd3c487bb3addbcb93cf9bedabafbe8a5902d0584dd68d952dbf87b784922f7c3703970f023778f06099346992dc73cf3d82c79646b41040fd915ebf1e3d7ac8a851a3d23a79c8da5d77dd65ee65caafb2157635db1536a95ebd7a2112a70f4dd9ba02badfb023f0cb2fbf1842f2e1871fc688caba75eb84c5d27df6d9c72ce690356254a952c58ca38f3eda78c305513883160144aa366fde6c7ae6196422192c6a5201c0774c8d1a3562c4954562c82cd5051a8a8022901e024ad88a206c175c70815c7ffdf531010657590f2107eb2fc517562225bcf42e4b7aefbafdf6db8da8475112ff104a4a2519ac709171a3af262861099cfd4b59996b2390ab7a77fa95c0bb54a9522653924b3fbca05cabb0cd93de96112346080a8f43870e2df1e7061245337dc58a158dd4389fdd5cc43befbc53a0a41252c743a5371317c5ec402ef0d7634407812d5bb6182263890dfe8c101d5e67d023c76f16df010c6c4cf0cc3cfcf0c3cdeb2c48d2168038178b2a0cca9ce95765a0208b9f2344a8a8b24cca112196bb77ef965dbb76193f3afc3a19640d19884d6ddfbeddf848d2cb876012824fdf7cf38db0e0cbe0757acc68af60403c8f39e69818118594fab1f5223a779c9e69981150c2960261b33782d7778ad76ddf9b2579ae2170ae6e20fa629027c624f4d24b2f2df6b028ff41dc2a54a86088dbf9e79f5fec7bfcb601194cb70feec4134f2c9081cb368103ebd1a3479bd5d2fefdfb9b07708d7021807adc983163ccaaf2800103326ed08a6809196f3e8bf912b5717de26cc9170f5f5e12170455d770dd7d7a36614680c51f4b86204610248812c408e204818248516608a9dab973a721593c8340ba20600cc8182ab30c325c0cb27b0c6c0a18903ac81d039559081fe48f126988200b347cbe218810457e3b218e104888a425952c526a28028a40ee1150c2564c49a42b796e25d2f99223f366a5ceed6543b61b3538372bc717663c29f46c5d6ac80bc40b33648c7c93098c28b104e08b1fe286b04650c3257064e128c3703370fc006523206ef4b5f123daa74f1fe9ddbb774cba3e1bc7d37d6617011e88264c9820e3c78f370f37f4abf5ead52b6b0725eb0569a35c0ae296adfb349513a03fc7ed8b2313c7fcbc24ce2fc240a99c9b6eab08840d01b26876d87323eb6647d8ce57cf4711881a0291266cf1fc9de265cfec4d61cd8951864329d07a55b9378d7dbfeb63956bb96d9497c8b451aa77cd35d7247d4fbff8e28be661913a746b0990f49b7dba21d7cccdc041e05c23ef4c3f18cf9d3bd794b75132dbb56b57e9d2a58b9c7beeb93e4547a7e54580cf000b1853a74e35a6d77c8e59a8c955dc78e38de6d864dde835f55b20b0e02571944579495c3e7a4bfd8695ce471150041401454011c8140291266c965c51ce76ebadb71a4c79c0a72c09c110ca005cc3de443d6c9428d8873b6fdf5ba62e54aafb79fffdf70d69c33b8c32ae54028203712343652d01c2520ae51238ce8f666857c42453048ec6ec193366984166826b416f210fe194a768f803014a88309d9f356b96cc9c39d3f47576eedcd98c7c0902301f3e779435a72b6a924b74f9aef19238fa58bc242edbe5c9b93c673d9622a00828028a8022904b04224bd8c8ae519b6d499b2d6ff42a41f2808f6926614b22791fe1aa44520e09e9f366d8727931bdc742a50aa240a6271def30cab4206e641c2c7163353d4c81bcba9b8183c0b919387bad4b72ce1b366c90d9b3670bbd5073e6cc91d6ad5b4b9b366da455ab5646795423b708d0af8579353d9ff3e7cf9776edda99dec3f6eddb4bb56ad5723b990447a38f85cf1c62057c0673254892a993ffe0830f0a913808b097c4656a812453f3d6fd28028a8022a00828027e4420b2848d9235b262610f8412206d3c944230d3094a24e971e3c1111f321e24292d0c6378091c5e3a6e06aea4048e6672d40691725fb4689151098320b228d0b46953631eaa91590430bd65e185fe46b2aaa89c356fde5c5ab46861d43dfd9cf9f1832049a6ae06d2e7de4c1c42065e1257d2cf58a6e6abfb510414014540115004fc824024099bcd823df4d0437eb90e599d07d9448448f05d438c24ddf8faebaf6396006424e8736bd4a851babb0bc4fb2070ae171c46c4ae913765b32509249f3906a462f9f2e5b262c50a69d0a081d4af5fdf3cc852a2c7284ab2b924c70fd37b69b8a7fcd47a8fad5ab54ae8e7e4bee73e850c3769d2c4f8210529fc28489229fc30d6f592383e535e1257d2cf59a6e6abfb510414014540115004f2814024091b66d8fdfaf5130422a212f4d99169837090292b49e0e362bddc30b286b851e6178578f3cd370b9450620eea66e04afa608974b39555a7740fa53e841eaa56ad6ab29a8cdab56bc70c49a3e89585ccf5c71f7f6c4c6a79e02773c3d8b871a3703fd6ab57cf949a427479f00f8b293482249427f3d9f3a32049a63eff18107b491ca5935e12871d898622a00828028a80221005042249d8a27061e39d23de2c9036480592e5998871e3c69972491ea8206e8835c11f4e6a000020004944415444292c81b359b8ead5ab17b011c8c443251e3b10121e6421298c75ebd6093d8ad846607a4cd68881ec3a835e43c474f2259c51927b00c1164a793198b586b364221994e7721f83336499925506bd879059bc86c21c411324c9d4b5e09e77491cff4d29ab97c45162a9a10828028a8022a008840d01256c61bba2499ccf25975c22985fd2c797a978f2c927cdca3f993c885bb21e70993abe5ff64369a32b628288859b81cb048173cf75cb962d86c85862b369d3264374789d418f1c0fb6d6f414b24e8f10049bd7915fc7470b155032510c7c0619f88f952953c618ad42848a2acba41c116289971f1958fce8b81718640d1964c63082c510965e3e843528d7c530d69ac7f23a3d66a80c32209ec71c734c8c88424a793dca117441924c5d3bb2ac5e12c7bdec2571952a55cad421753f8a8022a00828028a405e1050c29617d8f37fd01e3d7a9807e8679f7d36a393410d11e24606c82a4b46b9ffca257064e1c886b946ded9ce08ecd9b3274686204610241ef8214610270814f7c18e1d3b0ca9dab973a72159f47942ba20600cc81812f80c325c0cb27b0c6c0a18903ac81d03b287ff20c4af6cd9b2860852be0931e4a11aa208618438422021929654b298a0513c0261122429fe6c93db82ef1d2f89e3bef392b820669e934340b7520414014540110823024ad8c27855933c274cb5c9cee03f4526259381221fc40d3544326e903735d315232ce266e02070ae8d40b6095c49ae3159343bec7e20e3769464dffadef41008b320497a88147e17a5c35e12c7228297c491d9d5500414014540115004fc888012363f5e951ccee9faebaf171efa206d643e321d8866d0e3f6f8e38fc7881b3d561aff41c04be01017714b28fd4ce0f41afa0781a80892640a71bc11bd248e8cb097c445bdfc365378eb7e140145401150044a868012b6ffe24796037539ca8c9289bffded6f3262c408d3078609729003536dbcc1206dd92a15229367bddce86f23eb76e289270619b6accc1d02e7da08d0b3e566e0b41f272bb08762a7511524c9d4c543d0c64be2a83cf09238c47c341401454011500414815c221079c2469fcea5975e6a7ea891019f356b5652f84f9f3e5d060d1a64fa7c2ebae82219356a54a0e5c3870f1f2e3366cc30e79f4d9f2a7aa8ac2500560010b7fffbbfff4b0af3286e842f9b5b4279ecb1c716c8c029818be25d91f89c559024b3f70356115e1247afa697c4218ea3a10828028a8022a008640b814813367e8c216bac98e2e744a95eb2de6cafbcf28a504e880843cb962de5b9e79e33a4ad6bd7aed9ba5659dfef3df7dc23e3c78f379936bcbeb219885840dcc8ba21c70e716bdbb66d360f198a7d5b0267b370dcb3ae9177b632a4a1002f4227a18224d9bbd8540b78491ca23b5e1287baa98622a00828028a8022900904224bd8f0cf82ac2186c143309e4ef3e6cd9355ab5625852ba6c6575c718529eb83703469d244060f1e2cc8b8df7df7ddc6e83888018182b841da7800c9454012216f280842dcc8586a2487c0ca952b0b64e07848747be094c025876318b7524192dc5dd5cf3efbac10894341d54be2b47f3777d7448fa40828028a40981088246143cabe4b972e269b447f50ddba75e5adb7de32191eb26ec904c6be0d1b36340fcb903d4c8d4f38e104b9e38e3be4ce3bef34a4ad7ffffec9ecca77db800b7d6d90368868aee2a9a79e32c40d89798874efdebd7375e8d01cc712389b81a354cbcdc0a9125e682e75d227a28224494395d10df146f466e2b0c3f09238ca9c35140145401150041481a210881c617bf0c107e5b6db6e138c9e5bb56a25c3860d33be54902c4a23f1a44a2630072623c4df9123470a1937fada089411c9b6f16f1037885dd0023195abafbeda90364a3e731973e6cc31c48d32556b09a0de5ce95d0132c66e0f1c04ce15315102971eae417b970a92f8e38a616cef257194d57b495c36fb88fd8184ce421150041401452015042245d86ebdf556d36b06593be9a4930c4eac6e424a101c41110cc296ac271932f8aca2f2f7e4934f3644b073e7ce31fc1f7ae82143dcc8164108831688905c72c9254688e49c73cec9f9f4972e5d6a7adc162c5810236e182d6ba48f804be0c8c2215bee1a79ab8c79fad8fafd9d2a48e2cf2bb479f3e642248e1e5f2f890b6a99bd3f51d75929028a8022102c042243d8faf6ed6b4ca2216b471c7184b94a94e03df2c8238610103cacf2409bec432bfd6af4bdf197156cc8d99a356b0adc015f7cf18579fdedb7df36d9b67c109f92dc92b367cf964e9d3ac9d4a953e5c20b2f2cc9aed27eeffbefbf6f88dba449930c7163681951da70167823a5c06e068e7bdfcdc025fb59c8cc6c742fb940400549524779cf9e3df2d5575f99f1cd37df086ab710e06ddbb6c977df7d27dbb76f378b7d9473fff0c30fb273e74ef9f1c71fe5a79f7e324ac2bb77ef36032246468d417924835e3706c2250c5428dd8a028e4db506db1e76d86152a14205f31b0581231357be7c7961218bdfb5238f3c52f06e64685542ead759dfa10828028a805f11083d61e3c7937e357ee81e7becb102d7e1ecb3cf96cb2ebb4c2ebffc72f33abd6c1013fe26138d1a3592071e7840f84bb09fead5ab9b324b6f90ad4282bd59b366c9ecda57dbe0d176fef9e79b32458456f21534f65b4b00e601714bf65ae56bce413bae97c05132e98a9828810bda158d3f5f15242988cb962d5bcc821e15130c4a17c97cf13a83853788912543102308124489d7f97da1d28232f9830f3ed88c830e3ac88c030e38c0546d942e5dda90b17df7dd37e14df4db6fbf195207b983a441f6207e0ce647e93d8b821f7ffcb1f97fb6630e1c0fb2c77b209010493ebb7c5e199442234884e80903a2a79fe5707c96f52c140145201a08849ab0ad5fbfde2841b668d1c2281fba41d6061f307e886d9c79e699866cf13799205b76edb5d7c6b266fc802240420f5bb665f193995f26b74155934c1b66e1642bf3193c8c584b80b3ce3acb10b7a64d9be6734aa13d3604ce35f24675d2cdc0a98970b02f3dd97faa0ef83c75e8d021d82753ccec2142901d04a23efae82333d6ad5b27fc4e90e13afef8e30d9161586203d1e11ef7abda2abf5fde9e38c81d25fe356bd63473874c72ee10517ea318988493b1638191df2cb665d4aa55cba81e432c3514014540115004fc8340a8091b308f1e3d5a060c185008f18103079a154f04436cd07f868f9adb8756d4a5eadebdbb4018f86b032f3694fa9e79e619ff5ce50ccd845579481b78f6ebd72f437b4d7f37941559e2864227c48daca946f610e0e1d02da1246bec66e094c0650ffb6ced398c8224545670af528a4e568a45b4d5ab579b324208098345354b54ca952b972d7873bedf2fbffcb21089030f489cdb17c767974c1dc4158127c8ec071f7c60081d950bf5ead533bdd9f67d64f13414014540115004f28340e8095b3c585959a4a465d9b2656675d1c695575e29f5ebd717fe261337dc7083292be1af1bfc2822a57df1c51727b39b406dc3ea34a4ad67cf9ea637cf2ff1e8a38f1af256b66c5923f282588a46f611b004ce66e12819736d04c85068f81f81a00b9240321029e23b7df9f2e5c65bb3418306e6fb9cef634807a3a87244ff5fa5f467b875ebd642248e9e3b2f8963e18bb24c882e83cf377ddd2c42a2764cf97fe3c68d8ddd8b2a59a67f3df49d8a8022a008a48a4024091b0ff7cf3fffbc518774e3a69b6e327d0890ad64e2aebbee328de6fc7503a18eebafbfdeac5c8631e82583b431860e1deaab5324b30971a36c928c5b9f3e7d7c35bfb04f86873c37038740829b815302e7ef3b202882247cbee9ad5db870a12c5ab4c894b653aa4b8f30e5d1900a8da2114040c55b4e49ff9b97c491852420c34b962c91c58b179b32697ae4681f605069422f9f8622a00828028a407610882461e3879dac1884c38d7befbd575889f4f6bb25827edcb871662597bfdea04c923e088cb4c318e08410090fe3a85ffa2d50ef4459925e45ebe54609ac466e1170091c0f7964b6dd0c1c42081afe42205d41127ac1e889ca566cd8b041580c7bf9e59705af467a90dbb46963fc3429ddd32839025f7ffd75211247f6d54be2e875a3d4148565be6be7cf9f2feddab53325e9eddbb737cac91a8a8022a008280299432072848d554214066936f7c6c48913cdca2119b864024fb72953a6186f376fa03246b925e524d6f32d997d06691bb28b905e7a1dc68c19e3cba973bd216e3ce0594b006bebe0cb09877c5290013703078173454c94c0f9e706484590040f4ab25cf116af4a7246f463a1b0cb80fcf37dd3b163472390822aa246f611c0c6c09b89e33597c44198f94db5952bfc1bbde00cbf0ab6641f393d8222a00828029943207284edeaabaf3699af9b6fbeb9108afc08f1308f62583241ad7f513d1164ec28218947e892d97f10b6417d8c87284add1e7ef861df4e99667a4a25c78f1f1f236e6a449bffcbe51238164b9028778dbcf9ac6ae40f81640549f01dc31b914c0b0feb258db973e71a1b96279e78c2084161cd72eeb9e79674b7fafe0c21800f9d97c4516269491cbfa1b404bcf4d24bc63a8745d2b66ddb66e8e8ba1b4540115004a28740a4081ba6a6ace8d3a04efd7d2e82c677541579e00873b0928ae00719473f07994fab2cc9832059372da7f2cf1583c0b9360210383703a7042ef7d72a5941124ac9b181c02620dda0bae191471e31fe63f49ff6eedd5b0e3cf0c07477a7efcb2102dc275e1247d6950c1bc6e278d4f5e8d143860c1992c359e9a1140145401108070291226c985cd373f6f8e38fe7eceab1527cdd75d719f9e4b02b94611c8e91eb534f3d95337cd33d100f1096b891d181b8410c34fc85007d326e0925c2066e068eac8e466e1048469084acf5e4c993cd354a25206a58b0600bd1bf7f7fb5e748053c1f6f8b388c257164db509b848cd3eb48bf9bb519086bdb808f2f8d4e4d115004028640a4081be51aac02d3a49ecbe8d5ab97c9e8dd79e79db93c6c5e8e85a9367d27287006a1c7048b077adc206f34ca63098021ba863f1180c0b919384c81dd0c9c12b8ec5eb7e204491e7ae821a18c9287f364e295575e91db6fbf5d4a952a65322fa80d6a841b01fadce879a4e2056b807ffdeb5fb279f3e642c22678c16928028a8022a008fc0781c81036d4ac060d1a641ad7731dfc20e16f834f5014caefc856e1d70669a34c32283169d22443dcca942963326e975e7a6950a61ed9796288ec66e0b0e5706d0494c065e7d6284a90041122ac4e8a5bf8601f7ce65844ebd6ad5b7626aa7bf52d0294cff39b4c99243de5de72cacf3fffbc1089e3ded25004140145208a084486b051ae87f167bf7efdf2729defbfff7ee319c4ea6214e22f7ff98b21a89036fa068314cf3efbac216e485c43dc9235520fd2398675ae96c0d92c1c7d33ae8d809afd66eeca5b4112fa735d6b0f844210208248c78b4f3ef944c8c457aa54c9f4ab1d7cf0c1999b94ee295008fcf0c30fe6fb159b1804a15c21285488bd248efe73afc54014164103755175b28a80229015042241d8687ce6410d15c872e5ca6505c864768a992b257790c72804652f944641da8228d74e56967249cac0ac2500d9378de020b07af5ea021938089c5b42a904ae64d732912009e6d5f1b2d45c8f0b2fbc50f0a98ca7d45bb2d9e8bb838ac0c891238d60d5d34f3f2d4595425246e925712c007849dc29a79c12542874de8a8022a008c4452012848d1f03ca2be8afc86740005859468064fffdf7cfe75472766c4aa3107981b4e14b17c458be7cb9c9b8bdf8e28b31e256a14285209e4ae4e7ec1238b2706477dc0c9c5a3da4778b780549c8beb160e396a0d3dbdab2654bb9f6da6b8d10938622e022c077ecd8b16385bec654bcdbc8d279491c26ee5e129709bb09bd628a8022a008e40b8148103688029e3e64b8f21d1036bcdedc12a27ccf29dbc7c7541b854e485b907b10d6ae5d6b881be55e644ac9202054a2115c04de7ffffd021938089c9b81530297fcb5f50a92e0bf75c1051798452ae2e28b2f368b3641155ffae9a79fe4faebaf379e62a81bf2df7c170c1f3e5c6ebdf5d6e481caf296ee3cc97406296eb9e516816c4d9f3ebd44d3c617d04be25828f59238aea38622a0082802414020f4840d9270df7df71965393f04abcc0890bcf6da6be6473f2a417693071bae07bd84410e4464ac25000fa110375dbd0df215fddfdc5d02c777c641071d54c046e0f8e38f0fc789a67116cd9b37379e68356bd6945ab56ac586d7d3d20a925c75d555825c3f0fe0561910521786c0381a7201f96401ce4f1164c2068e9433de71c71dd2a143878cc2fae38f3f1622718863c52371187f6b28028a8022e02704424fd83a75ea24e79d779e20adef9720db843f5bb2d2d77e997749e7813f131e4b90361efe821ef453584b0056b2c9ba85e1bc827e5d32397f089c6b230081733370512270f40af180fbd1471f99bf76ecd9b32746de2c99a36f985274f022c3860011fdc313274ecce4e5497a5fcc79d8b06166a1058205e1e2f3ca6bcc1982400927410937d9414b7cbefbee3b93f1a1540f8f497e4fec7738821710d4458b1609c252105a8e3561c2046357e09a7e730c32b87cf73358c0e2fea1a799fd700ce64214351f16fa1e7cf041c1e282b9725d987bdbb66d05c1173027fbe7dd8e7322962c5922cd9a3533ff0da9b6f3e6981f7cf0819987c520698033b821aa9194393ef3cc3319dc6bfc5d718dbd99b8356bd618ecbc442eec3eaa59075b0fa0082802254220d4846dddba75a60c12b111bfad98f1808f3a16cdf7510a1e063867485bbb76ed4273ea3c0832909127e376eeb9e786e6dcf444fe87000fb4ae8d000fe4ae9177144b6451538d47e4e81b46e4e5975f7e91134f3c51e6cd9b973745486fd609d242993c640555584839ffcd9c2fb9e412a127cf963d62e64dc9a3bb0f328c96f0a182eb923f4813610992bd7b20441c977fe73789e374eedcd9ec9b7f23f86ffebda8f9b01d73856840bc2057949e42d2584cb0ff8da2a23d16eac8904cc2fe77952a55cc7becf93107aa072c81cbd7e71eb2c66f039fb37c90248cbdbd248e859b78242e085ea3f9ba8e7a5c454011c82c02a1266ca890eddebd5beebdf7decca29681bdbdfaeaabc67f86bafa030e3820037b0cce2e288f22f3c983127fc314289d41dcf82187b875edda354ca7a7e7e241c012389b85e3b3ec66e0a248e02c443cf8da2c1ce428df15052e29e2bfc96eb944c712ac44ff9688b0d90c1da6df3cd40f1d3a547af7ee1dcb96b984cd92326f860f6245a66ce0c08131e255dc7cbc59c364ce89e35b32c862834b5cedefa41ffaf1f0f0cbf7fde27ed477edda5588c46121128fc46102afa1082802e14180673a920c2ce46cdbb64dca972f6f3efb3cbfb25897ab083561a3b70265465677fd18575f7db52913c238366ac16afbf9e79f6fbc77f0710a5bf0e1a65c929e45881bd75a23fc08504ee566e0b081708dbca348e07efbed3783c19c3973f29661e3ceb3e464c89021c6b09972489b65423cc40dca152d794264848a88a2081bfb66118e9ed678e590ecdb122a885871842d99f91447d8ecbcdd63f3df5e5b195b4a49992524d69b19ccf5a736df19b664cf97c5606f268e1ecd78242e2aaad0c962a7db290241400065f03ffff9cfd2a04103f3bdd8a4499358493d65fe2cb4ad5cb952fef6b7bfe5a4aa2ab4848d3211c07cf9e5977d7b5f504a840009e4851b226ac14a2f2b14acecf6ecd93394a74fdf0bab33ab56ad8a5902b87d2da13c693da9180296c0d90c5ce9d2a50bd80854af5e3d1268e1bd96cf1e3640b624e9d24b2f35e48d1e33c22a3f7a1515bd65944511362b4242b6ad62c58a71494f2a84cd255bf606f1cea738c246a6d7edc5e3ff093279f1b268eefcf27953f25b407f702e7ad8327d9e94ff7a491cff1f8fc4f15da0a1082802fe44000e41f938da0b4509206161439b0f25e7d9f6580e2d616bd5aa95e91163c5d3cf41af04179cd5e728064406d246f92afe4c610d5661206eb366cd8a590254aa5429aca7abe7950001ac21dc0c1c0f6d6e096558099c5f5422ad98872baae1f68ca12408c98130d972c964326c5c6ef63d63c68c02e221ee6d900c61f3f6b015359fe2081bc7b67d79f17ad86c29a7ed5b63e1cc0f19365422c97022ee12864094271e89e33cbdc22664e43514014520bf08e0d78a05150b7b64d58a0bb26d2cf851265db76edde2364ffbdf4349d8306b85047cf6d967690393cb37522e443f9b9f942c7379fe3474531e49d9e00d37dc90cb43e7fc583c6441dcacd130e592413514cf3978213ca04be0c8c2d1ffe21a7987e9def0830f1b3fc09876bb8a8c966c599548ebab964a868d7db8fd60f1b2e8c912b664e7531c61735522172f5e6c1e28ec3cad4aa42d874439d30f1936ac12100b438d33ccf1ebafbfc625713c247a495cd47adcc37cddf5dc828100152110b5010306243de1d1a3471b35e46c56068492b0b19a78f8e1879b1e85200492d08853204052b66cd9204c39e373dcb0618321d9942bf1a31df640f6dc5a02a01447e3ea69a79d16f6d3d6f32b0601443adc0c1c04cecdc00599c0d1cfd9b2654b93498734852dfc4078828c298b58f4d15146febbdffd2ec8a792d6dce9f58c97893be9a4930a91382dab4f0b627d9322502c02280593fdfef6db6f8bddd6bb01bc833e567aa3b311a1236ca83921b34cd60689f5a0040f309443c0d2a31a94e690696bd3a68d8c1831221230d0606f2d011a356a64fadcce3cf3cc489cbb9e64f10878091ceaa3ae8d003db0410a4a4d58bda4e69f32e83084cdc4712ef996c40f2a9e78f6d12bc2ea74364b8a8286cfdebd7be392b83a75ea142271f8ef6928028a40c910a05c1eb191279f7c32e51d9170c0d2295bbd6ca1236c0f3df49059a17bfae9a753063b9f6f80cdf3f0c58d82775c54031cc8b4356cd8d097760cd9bc2eac2e43def04582b885a587239b98456ddf1038d7c81b9f2a370317040287e80566daf4703ef2c82379558e8cdafde3b7f365c18a5ef3ad5bb7cab871e34c0f9d46d10840e268fbf066e3f006f4965346b56247ef2145205d0448166049934ed20005624a98f99b8d081d6183ecd08bd0be7dfb6ce095d57d8e1d3bd67893cd9f3f3fabc7f1fbce59b186b421c040994cd482151eca2509885bb6566ba2866b18cf973e26b784729f7df62990814358c2af3178f06099346992b135e9d6ad9b5fa7a9f3ca1202785662af40fff6a851a3b27494e8ec361e896301c74be20e3ef8e0e880a267aa08a4888012b614014b7773569e11aec0cc36a8d1a2450ba352d6a74f9fa09e4246e6cd2a22a48d66f8471f7d3423fb0cda4e509424e3b679f36643dcc2aca219b46be3d7f95a0267b370ccd31531f11b81a31a02797d7af55895c47c5a23dc08e057c74311ea89988cd3d7a8911d04e8a7f166e25808f592382c373414014540444b22737417a0b2486d3786a7410dd4bce8f14080e490430e09ea69646cded40453f63575ead48ced33683b5ab870a1216ecb972f8f590268a94bd0ae627ee6cbf7889b816321c435f2f60b81635186fe5dca81fbf7ef2f679f7d767e00d3a3660d013c51c78c1923f42aa3be165555e4ac019ce48edf7df7dd42248e52542f89d3e78f2401d5cd4285808a8ee4e072625c8ad8c837df7c63b232410e542e296dc23d5d438ca9f677df7d27cf3df75ca4e178ebadb70c71c3eb898c1bca92471d7554a431d1934f0d0197c091854399cecdc0d10793cf80b8d1d7460f015506bd7bf71655c4cbe71529d9b1296f9f3061828c1f3fdef476d0afa644ad649866e3ddf847793371c71d775c211277e8a18766e3f0ba4f45c05708a8ac7f962f07a69f94424e9c3831cb47cafeeeb76fdf6e04482028c998f6657f46f93fc235d75c231b376e34c6d3513717c5a7c85a02a02e0a71f34ba624ff778ace201504b897dc0c1c04ce1531c917819b3b77ae3cf6d86382a93596275dba7431ea5b1ac14000f1ac69d3a699ca086b448ee79b46701040d1d54be2902bf766e20e3becb0e09c94ce541148020135ce4e02a4926c8257092a7bac16872158654656947a7f8dff2040190d3f203367ce14fd9110c1d7ca5a0274ecd8d164ddead7afafb78b229036022e812303479f919b81ab5dbb76dafb4ee78ddce3649419882ad0d7cabddea14307c1e240c31f086004fdc20b2f980535be9f79a8c75f9211454f357f5c95cccf02bb242f893bfae8a305937697c8952f5f3ef307d73d2a023944805e36aaddb01be1f72651f0bd874dcd030f3c907581b850a844ce9e3ddb34aed3e313a668d5aa955c74d14572d5555785e9b44a742e78372154c043819603fe07ca1f7ffc3146dc30df86b8a97843896e337df37f1180c0b9360210383703974b02b761c306e1bb9e5ea83973e648ebd6ad8d6723df93279f7cb25eb31c23402fd482050b64debc7946d9b85dbb76a6f71085e66ad5aae578367ab87c2140659397c455ae5cb91089c354584311081202540afcf9cf7f96060d1a984a012ade68b9a2056be9d2a5a60264e5ca95a67d29171520a1206c175f7cb179404521324cf1e69b6f1a2f2e1e9a34a3f4bf2b7bc71d77188355485bd5aa55c374c94b7c2ef810522ec9aa36c48d8c848622902904d6af5f5fa084f2975f7e29602380e8532e62dbb66da6fa00419e458b16c9175f7c618864b366cda469d3a691f6b2cc16fecb962d93254b9608c258907816cc9a376f2e281bf3fbab59956c211fbcfdae59b3a61089e337c99b890bbade40f0ae8cce381d04a864e2799385097e7bf8aee35ee6f98a96945c45e009db679f7d269443223612c6de2614d358d5e686d1f81f02f42c5236ca8728570f8941c29f951fee19ee1d889bfa5c05e9ea0567ae10383703b77bf7ee0219b85c7d363ffdf453b3e209a9a0d262c58a156655941261fb9048c9168ab31a4523401f23e5a7d6d76bd5aa556615b961c386d2a8512343865969469482df5fccdcd7ae5d6bfe3220cfd84b6828022e02dc23de4c5cc58a150b9138c4e3341401bf228020206acbf988c013b661c386c9b7df7e6bea47c3183ffcf0831120993e7dba7910d2f81f021092bffef5af86b4f150a6511801eaabc189072b568272b91aa4d7237a0850b6e88a98ecdab5ab4006eec4134fcc09287c6ff27008e9a0740f153c1ac9c9c8432219947322d6c388a20fd58e1d3b0cb162f0304d568481b853ddba75a55ebd7aa6d414a28b8d0872d72e39e33d547e204c0396fcb5ffade5ea39b9cd037f10ee272f8983b0793371152a5408fcb9ea09840301256c25b88ec71e7b6cacc9b904bbf1f55b91459e32658a29fdd1288800d8dc78e38de61ea0144a233e02dc3b10374a9aac2540141f52f5fec82d0296c0d92c1c72fdae8849ae081c674df926848487444b542837274bc88f305e54648d18a8e131105492b014c40000200049444154c01b2e88c21908b6e079b679f36643b6186422199f7cf2895925c644b9468d1a31e20ae182cceebffffe72c92597986ce5a64d9bcc769690b9044d4bf573fb798ac2d1f86c7a491cfd6f5e1247764e4311c835024ad8d244fca9a79e92871f7ed88850843d68aea75ef6da6baf0dfba9a67c7e94ff21cc0269438040233102641ce871e3b363891b0fa41a8a402e108028b81938089c2b62924b02e79eef962d5b0c91b1c4069202d1e17506657ef42df090c8200b40ff0d0f92bc0e71c1a30ab3e1830f3ed88c830e3ac80cfcc728d72f5dbab42142459565528e08b1a4b494ec24f8202ac4206bc8f8fefbef05eb17bc29e9a7a0c2842678da02befaea2b33789d2c17e20f0c88e731c71c1323a2bc97ef8049932625bcec283c72ad38268b6128a5d158af8222b9f8a4e8315c04f08ff492383e735e1257a95225054e11c82a024ad8d28417352a3c7a2ebffcf234f7109cb7d193810a172bc2daa85bf8ba3dfbecb382f80ca42d176a3dc1b973e2cf94cc87f57283ec42def2e5b915742c75fee923e01238b27010133703477fb21f825e504b86204610248812c408f203818248516608c1d9b973a739178ca3215d103006640c097c06192e060f000c6c0a18903ac81d03b2877138c48fb244882099718821049187560823c491df0588a42595a54a954a081d9e689489fee31fff900b2eb820e17623468c90a79f7eda9452f31b4489359947be632170944b6a2802f9408067212f89e373e1257141cc8ee703cf281d135579daa9721d1c73e8d0a1691f36b03d6c48c9924d61e5332a71c30d37988780b163c746e594533a4fe4bec942e29f811d8246f108f0106abddcce39e71c43dc1017d05004f28100fd536e068eef3b3703e7170257126cc8a2d961f743d6cd8e92ec3b99f7bef4d24be6730e39245b86454251419ff0c489138dc71afdd4afbdf69a216e485e43342d794331524311c8270294377b491c8b1c5e12a73d96f9bc4ac13eb666d8d2b87e03070e342b9023478e4ce3ddc17c0babb5fc603ef6d86372e6996706f324b23c6b64be216d648f54193179b0c90240dcc0ed94534e310f745a5e9a3c7eba65761070091c1938b2576e060e710c8dd410604186cff65b6fbd65faf93025474db3a81833668cf96e80b4b9a49987634bdee89783bc5902c7838d8622906f04207156f1d4923932d65e1247e9b08622501c024ad88a43c8f3ef949150fa8184330dd3510a7a0ec68f1f6fbc7034e223c07d01691b3e7cb85c79e5950a538a086097c0c3199f31885b51255329ee5a3757044a840004ceb51180c0b91938257045c3fbe0830f9acc58cf9e3d4d0f1b8b33f4edd10b5e5cf0debbeebacb90b678aabc3c18b36f081cdfc1b6e78dbf946f6a28027e418096002f89a3fcd84be2b4bfdb2f57cc3ff350c296e2b578f4d147cd8f06238a71f6d9670bfd7b3c4c6bc447e09d77de91f3cf3f5ff0b1c3a95e237504a64d9b66b26e881fd0c3d2a3478fd477a2ef5004b2880042216e09253d6464e06c160e697a8dff20405f1d2590f4f9a2968962ecdd77df6d7ade288d4e463a1d55de9b6eba499e7ffef922cdc9d99f256ffc6dddba752cfb460f9c8622e03704e8a7f59238aab8bc240e011f8de822a0842dc56bcf8ff18001034c16258a4129cb59679d65044854da36f11d803c30f7084463f0e0c151bc553272cef4bc40dc5895b4ca925aee94116875271946c012389b854308c42da18c3281e33b107194871e7a482871c49bf1fefbef3755085819dc7cf3cd495d0d4af2f91e80b4816d7141b9b54bde1037b2d9b730f4241677fefaefc145808cbe97c421e6e3257128b06a440301256c295c677c61508584ac4439fef297bf187532cad7341223c0430999b6f3ce3b2f2faa4061ba363c04532a4946c312372d750ad3150edfb9f0f9773370101637038731741402936b1e32c92220b840b9384a95a8a5ad5ab54a2ebcf042636b906c4c9f3edd945542da52ed759d376f5e8cc0210861c95b93264d923dbc6ea708e40d013e275e1287609097c46926396f9728ab0756c29602bc575f7db591154e763530855d076a5324a2e9dfa33cb465cb96819a7bae274b790e99367a5d468d1a95ebc387ee78efbefbae216e53a74e35c48da16522a1bbcca13c214be06c068e452f3703175602d7a54b1721bb48392381681772e7fc2590f9bfe28a2b52b2c879eeb9e78c1a2fad0928cca613f4bad9ec1bd7c20a966061a3a108040501be57bc248eb97b49dcb1c71e1b9453d279264040095b92b706fd090821b0c2a1b2ac62d42269047ff3cd37934430ba9b71ef40da28c1f9dbdffe165d203278e6acd65b4b80debd7b1be256a74e9d0c1e4177a5086417010437dc0c1ca4c1153109038143b69f5e5e14216de0bd78da69a7c54499508a7ce0810764d1a24529014eb974c78e1d8d571b950c2509b280567172f5ead531f2068943d54f43110812027cb778491c761e5e124739b246701050c296e4b5e2078592c8279e7822c977847f337ecc2849e10759a3680430ade5a102f95e2d25cddcdd8291b0b50460651ce2d6b871e3cc1d40f7a408e4080197c09185c31cdbcdc0a1aa18b4a0d410d1a0ae5dbbc6a64ec60da275e9a597c65eab5dbbb6f95e84b0a612f3e7cf37a222990c2c022c79c35fd3b50b5023e44c22adfbca25029b366d2a44e2f6ecd95388c455ad5a3597d3d263a5808012b624c162650213cf546be693dc7d2037430db159b366a6a74fb38ec95d42fa3558b19d32654a726fd0ad924280325d4bdcc86442dcdab46993d47b752345c08f08f080e566e020706e06ceef040eb97eb267f48db94109e375d75d67d4866d8c1e3d5af83df1dbf722d511ae680999415b3a892fa98622106404366fde5c88c4f15beacdc41d7ffcf1413ecd40cf9dd2ed575f7d555e79e515f3176bb17cc43e7bf375e414cf16a0a8b727c5ac511001fa12e8d3427259233904e8d740bd8c521e8dcc23306edc3843deca972f6f56f721c91a8a40d01170091c1938b2cb6e06eed4534ff5cd2962c7c1431e02212ceab901e9c453cd7d1d4f3b5487299df4b36002659836fb56a952a558f6ad418306bec15e27a20894040132ccde724a9e57bc240e9b0e8dcc2380a7a42568700f7af45166472f82c5a27cd1a6c0103694211b366c28fdfaf5cbfcd509f81e51fb428004b966cd68247f31fbf6ed2b5f7cf185f12542aa5723f308f0b00871c3038a8c1bca721a8a40581080c0b946de10383703976f0247bf6e3c1f4a7af3e881f6da1c505a8f72e3881123027189c0de66dfc84a58c54915e20ac4e5d349a680c0962d5b0a91b81f7ffcb11089ab5ebd7a0a7bd54d4180de6597a0b17865091a7f5ddb062d892ce69ee1a19ac64c7e0ccb952ba777581c0450ecc35b67c58a158a4f0a08b00080892ca48d07158dec20401f0aca921f7ffc71cc1260bffdf6cbcec174af8a409e10a0bcc92da1fcfaebaf0bd808b042ee8720f3c6cab1b75786efc2a00a07a15e6bc91b824896bcb122befffefbfb01769d83229051047836f666e2201b7ccfb8d93816f4350a22c0f734df810cac4d58e4819c318a5a6853c256cc9d3472e448a1199c0c924662046822a73ce7861b6e50985240004fbb254b9618d256a1428514dea99ba68a003843dc58cdb29600871d7658aabbd1ed1581402060099ccdc251baee9650e68bc0a1b6fcd1471fc911471c11081c539d2486c796bcf160667bdef81bd6734e1523dd3e9c087cf9e5978548dcf7df7f5f88c445adfff3830f3e28d08786c89225689035bcf49209256cc5a0c48d45f946a3468d92c133b2db20850c466431d4172bb5db60e8d0a1e6071ed2e6a6bf53db8b6e9d2c02efbdf79e299544e0c012373ff7cd247b5eba9d22501402f4a6b819b8ad5bb716c8c021a8918b285dbab429538e42e6e9dffffeb7f96eb7040ec26cb36faac6978bbb4d8f916f04f89ef166e22803f466e26ad6ac99efa966ecf89cb32b1402d172cb1ce9d74d2794b015811aa69cf7de7bafe913d0281e8121438608abba93264d2a7e63dda2000277df7db7211090b6a8ad3ee5eb56c053d12a4bf6e8d1c390371426351481282060099ccdc0b13aee66e0b241e07efae9279365a2ff256a8184ba152ce12fa5a136fb1606cfbda85d4f3ddff41120dbef2571a8e07a495cad5ab5d23f480edf8996834bd0a82070095aa64abd95b0157151313b3eefbcf3a457af5e39bcf4c13e14f5ca78d69d7df6d9c13e913ccc9e3e401af5216dfa039ebb0bc00f85256ed87640dcf08fd25004a28400c2026e060e0267454cf85bbf7efd12c3c1ca33df6dec3bea41ff8acdbe916db4e42d552fbaa8e3a8e71f0e04e8b9f59238b423bc248e72423f0473b552fbfc4598d0f6a2b1f0958d50c2960055bcc530e0e58601248de41040990fbfbab7de7a2bb937e8560510c0bb68d8b06186b469196e6e6f0e56c0e97183bcf1a380250066dc1a8a40141170091c5938fedfcdc0a543e0f85dc57f8dbf1aff4300e1019b7d83d45ab36efe6a2802514580e7ef7ffef39f05881cd9392f89cb5406ab289c51e57509da21871c12236810b5430f3d34eb9749095b02886fbef96641aa9792488dd410b8e0820b0cd9455043237504264f9e6ce4b0216d679e7966ea3bd0779418017c05216e28c39271bbe8a28b4abc4fdd8122106404206cae8d00ffefda082443e058c8bbf2ca2b7541af881b813e704bde2072aee2240f891a8a409411a02fd44be2c8d87b49dc89279e58229828df76091aaa98ae50483e7ce894b025b8a4952b5796f9f3e74b492f7a89ee9880be197966a449f9e139f6d863037a16f99df6534f3d25ddba7533a44db33cf9bb16989b43dcb66fdf6e885befdebdf337193db222e023047880714b28e989230367b370f1cca4172e5c28c3870f17fe6a148f000fa256b084bfb41ad8ec9b8a7b158f9f6e110d04686bf092381694bc24aeb81ef565cb96c57ad1f88e72095abe2b9e58ecbaf0c20be599679e91a2fa8b67cc9821880052a995c9f0ad71f6134f3c218f3ffeb8e0dfa4911e02281fe24783c2a6467a08b0ca4a1f251fd0f3cf3f3fbd9de8bb3282c0dcb9734db9248b115659520dcf3302adee24240840e0dc0c1c02546e060e02f7fcf3cf0bd96b04bd34524300a11697bcf1f069b36fb928094b6db6bab522905f04b66ddb5688c4f19de492382c465868b29e682c82b89e68071e78607e4f424420a3871f7eb8e921a65563eddab5c6bb2d5ef0dd3a70e040f3ccc87964327c4bd8101ea06ce3e28b2fcee4f9466e5f28fc5052aa75f8e95f7ab2bc90b671e3c649d7ae5dd3df91be3323082c5dbad464dce6cd9b17236e7c996a28028a404104c80eb919387a40504624c68e1d6b9af435d24760ce9c393102879fa4256fb4236828028a4061043efbec33a362ceeff7fbefbf1f53abe57ba969d3a6a63a004257af5ebdbcc3b760c10293f0606e640b09340eaebaeaaad87fbb93bcefbefbccb3497119b8744fcc97840de5171e90b9b01a2543801be7ce3bef340da31ae923b078f162734f22e6a28aa5e9e398c977f265cf97e3c489138d380959b7e38e3b2e9387d07d2902a142000287f5cb8a152b8c90d7e79f7f5e40c444095cfa979b85249b7dfbe1871f628a936ddab4497fa7fa4e452004082c5ab42856e64866ca66d0f87bca29a79876076f3925963fde72ca5c287753a580bd1344ad4c9932a62de6b7df7e13aafedcac1ad936924a0ce2d65b6f359f7f9eb9b3d55be74bc2d6af5f3f937ecc74fd6708eefbb44e01b1066efc9b6eba29adf7eb9bfe83001f56ca226fbcf146b9eebaeb14169f20c043a7b504b8fcf2cb0d71f3c3ea9c4fe0d16928020510c06f12d35cfea286e866e0f82cb93602f9ee1909eaa56331c9da05503e657bdec8c01d70c001413d2d9db7229014021f7cf041014f34ca085d4fb47df7ddb7d8fd7cfffdf785481c2d3e5e1207e1cb44f07985a4512a0e49bbe28a2bcc77217d6b90339effdcbe35f77532867ce6216b785c662b7c47d876edda25152a54300d7b2a969199cb8e8120c22d0890d87298ccec397a7be18b884cdbd5575f2d37dc7043f400f0f119f3106a2d015ab46861b26ecd9a35f3f18c756a8a40ee11b8e5965ba46cd9b2820ab3375c02472f1cabdcae8d8012b8d4af1724d89237caeb5df256b162c5d477a8ef50047c8600df1bae6935d97b97a065ea3edfb163472112b77efdfa42240ec1bd6462e3c68d86a4319823240db276d04107c5deeecda4b9fb7de491474c22a479f3e686ac254344939957a26d7c47d8a80fa56e1465388dcc21802a18c48db4ae46c910609507d2467f25e5451afe42e0d75f7f3519370626f264dcd444de5fd74867933f04f83cd4ac59d32c681417f82db91938089c2b62a204ae38040bfe3ba55fd62e0012077e96c0f15da5a1080401017e635d82c6b3a54bd07229c043f9b1b79c92e4843713c7ffdb40c51192f6da6bafc5485a3c45dd44bd6aec87e452e7ce9d05c2086183bb643b7c47d868d6bdedb6db8cb1a746661120cb3672e448e9d8b16366771cc1bdd1800a696bddbab5e911d4f02702f4b741dc509ae241f5924b2ef1e74475568a408e10e8debdbbe921612539d570091c193816afdc0c9c8a6d248fe8debd7b0b90b7dffffef731f256946478f247d02d1581cc21800e82eb89c6628395dce73bc04fb173e7ce42248ed264b2682c9aa04479e9a5979a05f7444ad364cf18f1d420c92842d6e8f91d3d7ab4299974fbd9b28585af081b3f00949a5176a69179049e7bee39f9ffed9d07d454d5d5fe0f41c068281a4b2482418a2025169aa0224a57aa9f0a88d2154b1091228a89f98b0541441211a45b4031284891161129d2340a52a4880262c1a8c8878a62fcafdff63b93fb8e33f34eb977e6de3b7baf75d6abc3ccb9e73ce7de99f39cbdf7b391fadfb871a3fb9de7618f48d642da7858510752f32f029ca8112e893c2fc4ad77efdefe1dac8e4c11f01001f270216d7c77656a1038671901089cd303a7042e79841166b0de37440eace224e1dd6a8a40b6114051d649d04a972e5da0261aff1f049b3e7dba8888e085437dbe7cf9f292bbcbff53222896270e721a2b6f8df96edbb64d6ab111618573098b97e7e6363ebe226ca8efe14aa586819a370870aa50b3664d431e835ae6087cfbedb72244426ee0d8b16333ef507bf01401a484f1b87168616bb9152f5edcd36b6ae78a809f10c0bb46fe9adb358298e38103070a8450eedab5ab4021ef0b2eb8c04f50f8762c6c182d792307ce9237c2278b162deadb71ebc0828b007b192741432dd119e6e895f2a11788bdf3ce3b11a5478817b9699d3a75fac5a59873743825e2210803e1e5a68c9325743c7714f586ac0d1a34c8208ee8b4441e39b7e69873c2f6c23f5e34cb5f5f6a36bdbbcdecdab1cb54ac5cd1d4ac71966974715373d5ff74706b9e79df8fc5f9ad7f6d327b3edc6baa563bcb543deb4cc5d9a53b83d36a944d274f9eec528fda8d9708f0c50b717be5955722250128e0a9a608841d01c2781e7ffc71132b67c3edb95b0267bd70e47b38432895c0158e38a4d7960ba07400a4cd12b8134e38a1f00ef41d8a401c04f81db4b968cb962d2b40d082969f7af4e8d10849c3d36f0544aa54a992d2faf7ead5cb7cfef9e792ee0299a371c00b6145a40425ea9b6eba49885c743865a29cb7940611e7cd39236c2b57ad36a31e1d69ce3efb37a645f3934ccd1a2798d2a58b9b8307bf379bdefdca2c5c74c06cd9f2bfa6ffed03cc850d1bb831d7bcec4371cedeb2db139c19336664efa27aa58c10202402e24651745bcb4d95543382543fec7304aa56ad2ad2d5088f64dbd80839454c76ecd851c003d7a081fed6275a1308b0559cc4038707c4123855d5cef6dd1cbceb7160e2f4a291cbe5ac8916c492136bd7ae150111c21e6d6e2e514f898c90e3588a8ef1bc64cf3cf38ce9debdbbe9d9b3a7811842e2de7efbed98e1941c427995cf9613c2b670d1623372d44873ef9f6b980b1b9e1a17d795ab3e35f7febfcd6640ff3b4c8be65a7c32d5af07c53955c4327f3f0f35b96db367cfcebc33ed216b08ecdbb72f521200e20d7973abbe4bd626a11752049240a06cd9b2927371da69a725f16e6fdf62099cf5c0a1eee6f4c029818b8f3f2a754ef28627c12a4e6a1d4a6fefdba0f44ea91b27414351d149d0206c4134e66149dabffffdef48ddb4c20e2d50b744319db203d1759ee3e5a18d1b374e72d590ed778aab7cfffdf7bf08a76cd3a68d3c83f1f2df32c53aeb846de7ae5de6daebba9b89e31b989a350b77e76fdaf4a5e975e36af3ecd3534da58a67663adfbcf9bce29cbba5bef9e69b453d0dd216c413abdc2197fb2ba320654b02209e409e1b7fd51481b020f09bdffc4692eea9c5e63763f3e5f4c041e09c85bc1b366ce8b721fb663cd478b3040e555c4bdeb416a56f96282b0341bcc68639a270e82468413f84e4bb014f1a64ad43870e12f698aca23ce92a9035447c2060152a5428b01eb1941e1f7ae82183d234640ded87c2ec871f7e30c58a151375c9780a9385f591e8dfb34ed886dc3dc8d4acf9b5e9dcb12058890639fdb9dd66d3a652e6c1fb1fce64ae79f559c539b7cbddbf7f7f39c586b4699e416ed7229dab23b96d891b5fec10b7cb2fbf3c9daef4338a806f10e08419911dfe06c19c040e2f1c0a6d4e0f9c12b8d8ab489898256f6068c95bb29bdb20dc1b3ac69f114055dd5913ad5ab56a0572d1bc2ee6ecf53a70ff5a924638a2cd4d3bf5d4f8d179ce3151d719a246be1944ed924b2ef9c59063e59e0d1e3c58eab441d6ca952b97f234bdc867cb2a61fbe4d34fcd75d75f6f962cba34e5c9376dfeaa79faa9a7ccef925ca4942f10a20f28cefe584c9438f9b280b4f921fcc81fa8046f14d3a64d93704936ba10b7586a53c19b958e381f11205c9b1c4dfe06d128cbe1f4c041e09c650494c0fd7255a93f65c91b79374ec549bcad6ac14200efb893a011de67bd68e434526b2c0c86a2339e3464f92d49637ec91af9b11035847a206a94328965b1bc6190ad0f3ef840c85ac9922593bde42fdee7767db6ac123672aa56ae7ac60cfb7fd5530660e89f379b0b1b76d15cb62490539c9300294b6f19366c98993973a6903615b3c812e81e5de6c5175f14af1bb5a7206ef604cda3cb69b78a80eb087cf8e187e2a1e26f18cc49e0f0c02122e4f4c0693860c155debf7f7fa45c00b2e5d1793c61b8277231073c31143eaf5cb9b2eb97c71bee2468efbdf75e01824629acb0d8471f7d24248d76dc71c74572d3ca942993f414c92d83a80d1f3e5c88da3df7dc13f7b3b1f2d6aeb9e61a79fff3cf3f9ff435e3bdd1edfa6c59256c53a63e658e7cbfdcf4b92135994dc018f7e47653a27823d3bddbf5198318f60e14677fadf0c89123cdf8f1e385b455af9efa6185bf66a3a3c16b0a71a356925596d45c45bd2f8280003586f0106fdab42908c34d798c103867216f089cd303e7258143b5911c5864bf83600837a8872df3957ae185170c9bfce79e7b4e8a29bb61fcb6201662054390d8b735d1c29853cdb343d8e3fcf9f323242d1d6f39de32c85a8b162d84ac51243b91393d60870e1d921a6b7ff8c31f64bfe696b999cfa684cdad55f1513f4ad87cb418ff3714ea1e91c00a69e364532df808ac5bb74e881b3f3678dc206f61094709feeae80c62214078d0c08103cdaa55abf20220423f9d2194e4fbe081b35e383737bf604ba1dd3e7dfa983befbc332ff0cdf7498e1d3bd6fce52f7f91281ac42cd2b5bd7bf7162068a54b972e9087c6ff87cd1066b3b969a48c5c7ffdf5d2d239fc5cb468911035bc7210b5649e6b678e19f843d6c86fc333e7b6b995cf9655c2a6a17a6edf06b1fb539cb38373aa5799346992219115d2e6e5496faae3d2f76786007934e4b821ff6b895ba54a9532eb543fad087880c0c2850bcd638f3d2605e3f3d12c81b35e383c8ece10ca64367a897023d4f4da6baf9592201ce6a8851781bffef5af12360759ab51a3464a13fdf6db6f0b10b48f3ffeb80041a34873580d8f24218f3c8396a4a57b88cd6f2f448dd043881acf5e32e6f47a116d0059ebd6ad9b19326448321f4feb3d6ee4b36595b0a918465aeb9cf28714e79421cbda0748a0a5a8e24b2fbd649a366d9ab5ebea85bc4780fc10881b1bb5abaeba4ac8dbb9e79eebfd85f50a8a409208b0b924919ebf6ac650a7cae98163f3e6f4c039eb2e258b17394778dac8a5e1fb1e897dbf196a7be4e2d2a88587121fe1a4105a3021b4f3ebafbf368489113a79f8f061f3cd37df188806f5df68cc0f1973e64b435997860806ad68d1a2d2903947b0a9448912d2c0034f08652508c944d4a154a952062f12b94aa82a9f78e289e6b7bffdad39f9e493a511b980ca9f5f8c680aee159ea364d50ad7ac591309715cb66c59018246c863988dd0649b9b56b56ad5888808f7493ac6bd08511b3d7ab410b5bbeeba2ba56ec8dd447c877e206bfcff4d37dd94521fa9be195249344e2679a359256c4c50e5e6535de6f4deaf38a7875b363e0559e34b024f1b5f1a6ae142804d8e2d0970c1051708716bd4a851b826a9b309240213274e346c1cf9abf64b042c81b31eb88d1b3716f0c0a542e0eeb8e30e218390362fc42812ad1f8747a8dcedd9b3471a215ffbf6ed33bc4ec3a303318208d14e3ae924214810255e873841a02052902a1a240bb245837841c220638964e3fff39fff08a983dc41f2207c3436ca10411ac4108208f610468823041222694925af133647d1771a059f915a27478946de11af67c3c85783a042d612cd7de7ce9d058a563366674db47442ffb2313f37aff1cc33cf0851e339b24a8fa97a23a3c7f3c4134f0859a34835e1a8e9ae3be4e9ca2baf94b0cc8e1d3bba396dcffaca3a61dbb9eb7d73ed75ddd2289c3dc5540ab19bd8ed15569cdd46d4ddfe08496adfbebd7c59b895a8ecee08b5373710207711af1b9b0a889b12743750d53ed245e0d1471f95cdfba851a3d2ed22af3e0791707ae0d8783a0b7943e0127909c0fbe1871f16d296498e532cd02142782e080b433990869439448131a14a0c91a15962036940cdf077bffb5de0d6f1934f3e31a808423c2d118594d2c887c2bb47283ae4f8acb3ce9286370715458865a676e0c0011117a15f4843b44138ad48087f21a34e8206f6f96008a640d2d8dbe03924ecd12a2f6632ff050b1618c2503954c0abc66168bac6f8f0a8116d804049502ceb840d60c8b11a39ea1173ef9fab9b0b1bc62f7eb772d5a7e6defff7ae19d07f80caf9a7714729ce698096c58f2005dcae5d3b3366cc18f952530b2f02fc78e175e34416e2966cac7d7811d199e50201363c6c6c3309cbc9c5b8fd724d2781c30b475d33670e5c2c0287278610c92953a68897211d63f3ffd65b6f8932ed3befbc231e0b42f22a54a820848446c164c844952a55c433966f86a76efbf6ed425ca93d07994564064257b3490a6ab80000200049444154664d53ab562df3c73ffe51c2d4cf3befbc941432e90bd2d1a14307210dd6962f5f1e91dc27e40d2547abe6481e63be181e544bd2c8e3643fc3bdee8667993c533c6afc85a865ea0d63bfc5210a64ad7efdfa815aa29c1036105ab96ab519f5e84873f6d9bf312d9a9f6c6ad6c0055fdc1c3cf8bdd9f4ee9766e1a2cfcd962dff6bfadf3ec05cd8b041a040f5d36015673fadc62fc74278129e3636505ad7cbdf6be5c6e8088385b81192441e84d771f36e8c59fb080f0284e9e161e9dfbf7f782695c39940e09c65042070ce3202fc378734a92a484232f80cbf0f6bd7ae3528d2d6a953c7205c00d98074d01285e4e510165f5d9ab04c882e0dd2bb61c306b37efd7a53b76e5df100b1696fd0a08178226319a40cb23674e850f192da9a6878d120cacea2d5f9b61edc9f56e9b159b36642d2388476c3482d80a85925ce41830665dc2dfdd93c5ebcaf41b39c11360bd40bff78d12c7f7d89d9f6defbe6d0a16f4dc992bf3655cfaa681a5ddcc45cf53f1d8286a76fc7ab38fb7669e4c4942fb9db6ebbcdf4ebd7cfbf03d591b986003ffa1037360e5659921c113545c04b047af7ee2d9bd45ebd7a797999bced1b2f8f3384129260454cf07c71ba0fd18a569024478bef04c42820081ce840f65013a61e55d03c0141b801201b94b758b972a5906e72e49075a7e12523978f1c2cbc45bcb67bf76e21c8ce30470451f2cd205296a411066a73d3c82974cb4823805c912e82572d59619744d7e7908a830f3c6b410c09666e39276c4e80eb35b8d8ac5dfdba5b6baefdc4414071f6dfad412807a48d1f07ade1e3bff5f16a449cf6f2e384e7cd12b7a0fe98788591f6eb1e028413e1d17723a7c4bd5185b727089cd30387870722c033feecb3cf0a49239f99720ba806e3a568d2a48984eea96517010e4e972e5d6a162f5e6c962c5922b94d84e1118e0ad986a8b56ad54aeaa8e683604834faa470d8b0475490d9abb89dfff5f2cb2f0b51e3f980a8e1054dd7eebbef3ef9e83df7dc637af4e8210236903542579907f9a523478e945c4f3753143804b0fdbbad10ab842dddbb21c09f53c2e6cfc523911ad2863085334ede9fa3d551b9890084dd960480b8d1dc88ff77738cda57f01160c3c9bdd5b265cbe04f26003340ed9090461bdaf8c61b6f883c3d798418dff76ddbb695ef7c24f0d5fc81002a909007daac59b3248c186f1ae48dfc4172e2084d85bcd1f86f37844dfc31fbff8e02a1154bd2b8676d6e1acaa26e1a6419a286680e440d15ed4c0dc2c6980953267a056f69b4f11eb7095ba6e34ef479256c5ea2ebd3be95b0f974618c317c41f2234e28ccf0e1c3fd3b501d992708100a654b02e00961739d6e51514f06a89d061a01fbbd42989d9afb08b0997712340418086764b3cfb38d970201924e9d3a992baeb8c2fd01688f9e20306fde3c3363c60c51fb64fd5853ca1ae0ada1e139759237fe9b7cc3a0daa2458b24ec91c2e096a4b9ad720a36845472383d79f264216ae4d8ba65d4667beeb9e7c42bea0c41767ac0f0b051b282f9d2208d78e4283d71fbedb7cbf8c080b05972def0c4f13eccbe97fef8ef4f3ffd54ee0bc238c993c38387d1cff8f1e3e5bfd12970bece4100f376f6a784cdad3b2024fd2861f3f7421223ce669d8466721ed4f20f010ad5f22383d78db010889b173f98f9876c7ecf18a53c42f1f010a8658e00e18c4e8246289715b2e02f396c4f3ef9a4f9eebbef246fb067cf9ebe2ca49d3912f9d1031bf9499326491d43c2226fb8e10609b7432511d266091c35e778ce8264944bb0b969a88cdadc34af1447297a0dd1e9d2a58b90166a01ba659479e0708a50560e499c164dd8f0a042cab83e840cc286c714a205a1721238f24a790f4aa47dfbf695fd19f5026fb9e516e90395d6e8feb9367de06d8fee9f7f83c071ef38fb888783eb1eb68993a6980993a6b8857bd2fdf4eed9ddf4ead93de9f707fd8d8a73d05730f1f88f1e3d2a9e3612a1274c9810eec9eaec1222804a16e48d02a1103742a8d41481741040098f0d4c3c45bc74facce7cfb061e364dd92341b2a86c7805a776cf81092d210d4f0dd2590754807b5e110b480b805d1e6cc9923618fe4515a9296498db3c23078e9a59784a89d71c61942d420476e1ae48782d890272209204b89089b2554fc856443f6060c182084cd12b4e8f141be507946dd1bc24668259fa5f87cbc1c36ebb503634b086dffcefe1877d6085b26c0abe72713f492fface29c3c56b97e27c9bd9ce4f185aa96df0810830f71232e9f1f8b746b3ae5378af93d7b3614e489507c56cd7d04907a27c48b3c3564e0511b540b370208c7b06127efed2f7ff98b8893f8dd28ae6e73d35077b4618f254a94f06ce8781f216ae4ea43d4882272db78fec87f23d471fffefdd27d6184cd99c3164dd8f88db5e1e31031bc76d61006c2ab0661738a8c38091b7345e0891c3d6b84575ac266fb57c2e6f69d10a2fe94b0056b3179a8399d41e1484d1120111ee2b677ef5ef1b8dd7cf3cd0a8a229014020823f05d02a150731781c183079ba953a79a112346c806582dbf10209c70e0c081a65bb76ebecd3f27b78a71227e63499adb1eaee85587d040d4387084a87955ba88d046c81afb243c6c4e9548e798e2852cf21efb19eb6173122a1bce08818bf6b0c5226c0f3cf080218fce7ad16279d894b0e5d777445ab355c296166c39fd10b1f29c1821ffae9bad9c2e856f2e4e681b396e28d0d992002450ab2902b110202f92903dfeaab987002154d4b7a35614f96afa0cba876dd07a424592df6ac264c973ab50a142cea7b079f3e6486e5a8d1a352432235bd1198f3cf288789cc9df84ac952953c6133cc82b846441d6ac873359c20681b3f986d13966f1081befe7602691872d9ab0590f9d7ad83cb905c2dba912b660ae2d85b5a90b03692b59b2643027a1a3761d0162f6216efc58d99200e43eaa29024e043ef9e41329da8c5aa19a3b086cdab4494ef5bb76ed2aa7e96a8a0008b0599f366d9a7c27e74ae0c70a886cd9b225929b86905936ec85175e10af1aa21f10352feb0a420a8938016ba7a23284cd2a30da393326c2949d75d89c2a917801216d4e6f980d8984a4219082a1fac8efae25bef14222798f0da3e4da1821981d3a74901c39f5b065e36e0cf83594b005770109bbe18486c45db76ba10417151d3908909b644b02dc74d34d42de1225302b6af98500b5fea8f785c2995ae608408039cd27241985373545c08900dfc54f3cf18421af0af5d06c982d0a0d8168d0a081843d92079f2d5bb76e9d10359e0df2f9f8bef1d2c84fa3e40264ad62c58a5e5eca177dbbae1299c9ac944864825ef29f559c93c7ca8fef4499883c263c6de5cb97f7e310754c394480701c5b12a04d9b3642dcead4a993c311e9a5fd80c0860d1b4c9f3e7d0c7fd53247807a4b14b7bffffefb33ef2ce43d7048c0ef16df4b08df646a6ef797e978e27dfeeebbef36087c103ae7955132028246439adfe6a66593c0f09b43e823c409af16a2585e1bbf6b441c714d37ee29afc7eb46ff4ad8dc4031607d28610bd882c518ee430f3d2421179036f5a2047f3dbd9801611d96b89158ce0f5c1014ccbcc042fb340635bb61c386c95fb5cc10e0c08c8de9db6fbf9d594779f269b70996dbfd79b90ce79c738e8859b8ed6d5abd7a7544e991b21110350ee8b26dc3870f17af1a9e669e896ca46b104a482e2e64ed57bffa55b6a79cb3eb2961cb19f4b9bbb012b6dc61efe6951f7bec31a9030369f33246dccd316b5fb94160dcb87142de1046e0f4d30b49e5dccc4caf9a2c027c4fa062c85fb5cc10206f8d8de99429d9af399bccc86d615fde5ba44811115540adcf4a8c376fdebc40dd28be1bb0e79e7b4e7e4b6c11609bcb43ce0e164b30013105671d2afedb2995cee72cc1aa5bb7aed42c735e837f774aa6df78e38d524cf8d7bffe752497c8797d728aa2091bd7a41e9afd5c321865eb3da8462246e286caf3c183072324edd0a14342d268d4fbcbb671af40d4c8d183a855af5eddf32150901c0548d241a875986fa6842ddf56dc18a3842d3c8bce0f19b1e26cc2ead7af1f9e89e94c3c4160faf4e942dc7ef8e107f1b8a9fcb82730fbb25342a6962c59228a716ae923f09ffffcc75c7cf1c55268d8af8a90101ac8d9e38f3f2e75a4902177ca923b098e15467092310800f9414ea53d4815b97a90391b564b9f90c1152b5688880221fafc1ef5ecd9b340e4871d0f9b6dfab59f8160d95a558cd5d6a7725edf1231c669afcfead910cbb163c7fe8220a6bfbaee7f12b2d6a2450bf3faebafa7ed0d5ab66c5944e9b163c78e225601e9ce85511280f0c7afbefa4a885aab56adb2320cc22eb97f20fd14a5cf4753c29687abae842d5c8bce06ac6fdfbe2244d2b871e3704d4e67e30902246aa32cf9c1071f444a02787221edd43708b021deba75ab1076b5cc10b8fcf2cbcdfcf9f333ebc4c34f5b0fdb9831638438457bc19c1eaa6ddbb615f090d9e2c184b839499e53398fa15b653c94f5f078404c6ad7ae6d905867438f87cc5af4780aab630551a41ffe5a253d7b7dea5a711d081b9b77ae1b5d1cd94368d3ea3a9dfbe5b3cf3e8b9034c2fec08103b6934e3a29ad3164fa2188331e351b0e8cb055b68c7b14af3679a3d1ca8fd91a831faea384cd0fab90e5312861cb32e059b81c32ba48cee269239e5d4d114806014e7d216e9caedb9200d9c84148666cfa1e771178f0c1070d6154488eaba58f40503c6c4e910f67c8a19db90d4b2454d2294b1e4dd8162d5a54002c081a1e230435086fc4e3467e165e2008143992d1042a3a84d149d8f0d6e1a1b3e18cf6bd9003be93e8cb4aabdb704b081b1e44ca29f07e845ffc2a3c91aa87ed95575e91f52084d292b4468d1aa57fc3baf049be3320e1ac3784c949c65de83e6117d41985ac0d1a34480ea6f3d994b0e5e1ea2b610be7a2cf9d3b57729366ce9c29753ed414816411f8d7bffe259e17f2122c71cb455e44b2e3d5f7a58ec09021434ca952a50c7fd532432008396cd184cd49ca9cb387ccc5236ce4bbd24f2c612b0816b96a140ec7f343682207026ddbb68d102c7b9d680f9bf3ffa309a3f50626e361e33b8bd054c6e0572f5bf7eedd059744396c8485b20644cb9c70c20911a5c75c1f9e41ce21ce1064885ad5aa55337b7052fc346bcbb3c6bda5e1fbc628614bf1060ac3db95b085611563cf61e9d2a5a65dbb76e6c9279f349d3b770eef4475669e20b06bd7ae88b2e40d37dc20e4ad5ab56a9e5c4b3bcd2e026cbe594bad199639ee7e57898ce5d1728637e2458320f09770b358842d3a872d3a2f8ecf724888778dbe2170f1bc5df6b303070e94f7ba99c3c66a26229699af76663da01209e989a5e048440c248ddc522bc7ef875c743c9e8cf99b6fbe11a2968b7c390e0fc104a29b0bf5cbcc56dd9b4f2b61f306575ff7aa84cdd7cb93f1e0086fc3d386f43fc9df6a8a40aa081c38702042dcc8bf604354af5ebd54bbd1f7fb0801363f4d9b3695302bb5cc11f0731db658b2f79634bdf3ce3b05541ae379d8206cd12a91785c205c58b4d7cc8652c6f27445ab443a552ae92b5395c8e83964bebaeef440d8e88e1d3b24eac51aff0f498324ffe10f7f88843d162b56cc9d8b66d00b9e3e881a61b010b5debd7b67d05bfa1f45d518f11a523d10f851fb1901256c79782728610bffa2bff9e69be2691b3c7870568a58861fd1fc9c2132cae4b8117a44ce0bc48d4dbf5af010e0fb80f02c42d6d43247e0934f3e91ba868873a8d732733cc3d603223f84f2fdf39fff34bffbddef24dc1c92b66eddba0849c3fbe61783a8d1eebcf34e216bc58b17cfc9d03868a65c069e354a06a8fd1701256c7978372861cb8f45dfb2658b903642db060c18901f93d6597a860061b6103792fb0995d43c49cfa0f6a4e34b2fbdd40c1d3ad4f057cd1d04366dda243936885fdc75d75dee74aabd041e01443aa64d9b6610fa4134038f1a075e78b9ad87d22f93649c10b5060d1a0851ab5cb972ce86c601f36bafbd2664ad5cb972391b875f2fac84cdaf2be3e1b894b07908aecfba26199bf04836157e4dcaf619643a9c4210e0a418afdb77df7d27c48dc2b06afe4700e100428df8abe61e027cc7123a46517a0e35fc5a9bcdbd196b4ff1104011927b81b0d33265ca488d399b9be6b75c608811ca8fa89e42d4f016e7d228984e9919c85aaec556728943a26b2b61f3ebca78382e256c1e82ebc3ae3ffef863f1b43569d244e48fd51401371058b0608110b79d3b774694258b1429e246d7da870708a0f4874844952a553ce85dbbc43b3075ea543362c40855b4cbc3db01f2337cf8702140e4e8912bca41a9df8c03063c6a1036885a8f1e3d723e444a34609488508b8f8012b63cbc3b94b0e5dfa27ff9e597e2693befbcf3cca851a3f20f009db16708a02846a8241b005b12a074e9d29e5d4f3b4e0f81d34e3bcd50be817c1a356f10205f898dfb31c71ca3e1a7de40ecab5e1165415864f2e4c9867c5f8468288350a142055f8d93c1fcf8e38f42d4681035443d28c89d4ba3dc01a416f195f1e3c7e7722881b8b66f08dbb66def993befbac73cf4c07da66ad5b302015e1007a9380771d5dc1933216c78daf83179e28927dce9547b5104fe0f01c280206ea8c5214e0279d33c04ffdc1ec71f7fbc41fdf3b8e38ef3cfa0423a1236f01c8c51cbb05fbf7ea665cb96219d697e4e0b2566f2d45053240496b0f0c71e7bccb760703f729040fe2a64cd0f8472efdebd42d62eb9e412f14caa158e806f085bd7eebd4d853f9c61767ff0a199366542e123d777a48580e29c166ca1fa109e36e2eb5162525304dc4660f7eedd919200949580bc55af5eddedcb687f292070f4e851f3eb5fffdafcf0c30f297c4adf9a29026c94c96be3b0ac57af5e52668575500b1e0244a9b09e63c68c319f7df69939f9e493858cf7efdfdfb793a12e2b1e353cbe1035c8911fcc8af54074870c19e2872105620cbe206c0f0e1f618a9822e6cec103cc43c3479a9fcc4f66c8e0818100304883549c83b45ade8eb553a74ee6a79f7e12a9613545c00b04fefdef7f474a0290d30171bbe0820bbcb894f65908025f7cf185a8bfb1266ad947004f8c2d54ddb97367c3f7ef15575c91fd81e8155346803057bc69afbefaaa7c162fd5a0418372524c3ad9c153eb0da2b67af56a097d44f8c42f4608fd95575e291ebf9b6ebac92fc30ac438724ed85e9af3b2993d67ae9936f9bf5eb5ae3d7a9b766d5b9bf66ddb0402c4200c52710ec22a65778c241bb3919b3d7b76762fac57cb2b04befffe7bf1b8d1f0b4112ad9ac59b3bcc220d793457d8dd375feaae50e016ab7cd9a354b1af98484a85317af75ebd6a668d1a2b91b985eb900021f7df491946940a4e7ebafbf961042d41f213e7ece01e5bb1622f4f0c30f8b47cd6fcad0e00959a3cc41c78e1df5ae4b11819c1236f2a92067903567de5abcd7539c9bbefdff10509cf556888700055f51f983b469a88ede275e233071e244f1ba11920b71f3a38a9ad718e4a2ff8d1b379a2e5dba18feaaf903815dbb761994565f79e515b370e1422948cf41066abed4ec52cb2e02e4e0f2dd347ffe7c03b126ff965a937c4f55ac5831bb8349e36a84dee2556bd1a28590b5f2e5cba7d18b771fc1c38c470dd97ec6a8963a0239256ce453b56fd7dab48be1499b3de765f3d2ecb99acf96fa9afee2138ab30b2086b88b3beeb8c3ac5fbf5e48db89279e18e299ead4fc82c0cc9933657344dd2236447e9096f60b365e8c0391843befbcd3f057cd7f08901f45c8ddb265cbccf2e5cb0da5582ebae82273e185179a860d1b9afaf5ebfb6fd0011f1105ad57ad5a65162f5e2ccf05799efcfeb569d346080f82314130c26d216a880a316eee19bf19797f78fd206b7a2fa7bf3a39236cce7caa78c3d77cb6f417d67e5271ce1cc37ce861e8d0a1f2c305692b5bb66c3e4c59e7e80304f02e102ab96ddbb64849000d0d737f61c019828c4747cdff0810ba4afe11a462eddab566ddba75a64e9d3a52f49cd22ce79e7baeb45ccbb2fb1f492375d1083fa5bdf5d65b66c3860d7240494e2752f790e3abaebaca106d52b76edd204c49c6c87726e18fcc09a276edb5d7fa72ec90490ee8206b55ab56f5e5188332a89c10b658f954f100d37cb6f46f25c5397decf2f193c3860d93c29590b6208480e4e31a8575ce9c7443dc48f0b725014e38e184b04e37ebf3e2b97ee9a597546428ebc8bb73413cd16ccc211d84ee11da8ad21eb955679f7db6b46ad5aa198aa35318bd54a952ee5c3840bd50d3ebbdf7de93b675eb56b365cb1669a8d6d6ac59d3d4aa55cb508b1039793c99952a55929c340a5ca3a21814fbe69b6fc4a3367af468216ae4daf9d550d0e4b001b2e6e7dc3fbfe2173daeac13b654f3d3527d7f5080f77a9ca9e296eafbbd1ebff69f1b041e79e411336edc38d9dcd5a851233783d0abe62d026c42216ed3a64d138f1be4ed8c33cec85b3cdc9af884091364e3c45fb5702040890608099e164b5450072427b9489122e6cc33cf9482c434f29968a79f7eba84fa0571f34c5e196220fbf6ed337bf6ec91862792f6fefbef8bea31240ccf19c495864707320b6140e8e2cd37df8c90b420e609523f15af1a623590353f47c310e64ef903b03ff6d863c3f1d0e5781659276c89f2a9e261a1f96ca9df258a73ea98e9277e4660ecd8b122638ca78d101c354520db087cf8e1879192005dbb7615e2c629b95a7a087010b37fff7ec35fb5f023c05a43642cb1c1ab04d1e1751a618078b04f39e51469279d7492f9ed6f7f2b395cbc8e2850e9d2a5c5534761681a05d7696cbe4b9428618a172f6e8a152b96302c9370448825ea85478e1c917a74788868780d69a8301e3c78d07cf5d557865c3e948b293ff1f9e79fcb869fc6eb78c72028348827a2209688424aa3c90b5e48481a62178491e249a3a442100d2114bc6aac0f44cdcfe5515873c4a4b8579e79e69920c2eddb316795b025934f150f29cd674bfe1e529c93c74adf191b010a84526b064f1bc9ef6a8a402e1060f3664b025c76d965e2756bd0a0412e8612e86bde7befbde275a126939a2280c086254310230812cf1ac408e204818248116608a93a7cf8b090ac6fbffd564817048c0619230f8c86878bc67d4623179506a983dcd1207ba811b3994724032258b26449218610448822841162028184485a52994cd822e3b0240d4f23248db047bc6d41b477df7d57881a7f216a7e97c2e71e82ac51be859c59357711c81a614b259f2ade14359fadf0c5579c0bc748df911c023366cc30bd7af5124f1b92d36a8a40ae10608369891b9b2f889b4a4327bf1ae492e091b8fdf6db93ff90be53114802013c2ab6d9b72386625b125d64fc16c27df1a441d61a376e2c240d49fea01a4419a2460824448dc353bf1b61a9d458a320fc7df7dde7f7e106727c59216c6ee547b9d54f20572a8941bb858f5bfd2431647d8bcf11c0c3c69730a40db963354520d708e0fde5f496d37988dbd5575f9deb21f9fefa1cbc20a7cd5f3545200c08e0f5b324edc0810391dc34c223836c7cb741d6f85e83ac9d7aeaa9be9f0e8238ec13085da74c909a37086485b0e1196bdfb68d69d7b675c6b3983d67aec18b44b16db5820828ce7a47788100455d4972e6f45237c75e20ac7da683c00b2fbc205e3742b8206e4a46e2a3c8734ba8923ebfe9dc69fa193f21b062c58a48d823bf4b843d5e7ef9e57e1a625a6379f9e59785a8210843e832651c826028fbf2dd3272e448d3b367cf200c39b063f49cb03d387ca4803364f000d740f2a24fd70697a38ebcc0c48b3e73048f5e3643045e7bed35d3be7d7b91124604424d11f00b02148e85b86ddebc39521280bc19b5ff22d0b2654b73db6db76918a9de14814480dc289b9b46ee9ccd4d0ba2da65f40250a601e54772eef0a8417e8262b366cd92f1a20489874dcd5b043c256c6ee453c59bbee6b3fd1719c5d9db87447bff19010ab872a2c9e95f9f3e7d141645c05708bcf1c61b42dc2070b62400c2056ac6346cd8d08c183142055bf4660814024b962c91b047d4062d49437c280c86c00b1e3542bc216a410b259c3469921930608090b5b0ac89dfef2bcf089bd779505ef7eff785b3e3f31a07affb0f0ace3ace9f11402a19d2d6b76f5fd3af5f3f854511f01d0278dac803612364891b0586f3d92889808890d656cce7bb201873a7ec80cd4d4351d216b7463d322c46a40a5e35e606590bdac112e541381c83ac9d7ffef9615916dfcfc333c2f6733e556bd3aead774205529f6dcedcbcce67539c7dff8c856e80dbb76f97f0c82e5dba98214386846e7e3aa1702040ed29881b1b8b6bafbd56c85bad5ab5c231b9146741f1f1d75f7f5d8b90a7889bbe3d7b08cc9b374fc21ee7ce9d1b2169175e7861f60690852b21e20551431805a2467db8a0d93df7dc63582bc85ac58a158336fc408fd713c2f673eed34f66c8e0819e8343cd31638ab89a23e7f9a05dba80e2ec1290da4dca08b019c6d386842f3f406a8a805f114094c4960468d4a89110b7b06d040bc31eef04b2db61f252143667fd77ff23b07bf7ee486e1af96836ec11cf5a98eccd37df94f0470a9943d438f00ca2f1dd490403824f41f30a0611efe831bb4ed8c4eb357bae9936257b2a8e5dbbf736eddb79ebcdf3db622bce7e5b91fc1b0f52cafcf050c8f8e1871fce3f0074c68142805a511037bc6e952a5512e2d6aa55ab40cd21ddc15274f8c8912352c8584d11c835027867087bc4eb6b495aeddab5733d2cd7af4f5172881a3978e47e23fc135423a286e2e9ac1d35f6d4b28f80eb846dc2a429e6a2860d4cd5aad9ab2c4f9ed58a55ab4def9eddb38f608eaea838e70878bd6c0104fef77fff573c6dd5aa55938db09a22100404a64c9922e4edd8638f15e2d6b163c7200c3bad31f28ce2bde0af9a22902b04b66ddb26de34da59679d15097b0cebe61f997bc81ae546f0aa9529532657d067745d0e7a50803ce59453242f582d7708b84ed8723715bdb222a008e402811f7ffc51481b9bc20913b2e759cfc55cf59ae14200596a88dbbffffd6f290970c30d37846b82c618441cf05ef0574d11c83602cf3efbac9034e4ebad800822386135c205216a55aa5411a2f6c73ffe31b053fdf4d34f85acd5ad5bd78c1a352ab0f308cbc095b0856525751e8a408e11b8eaaaab4c89122524fc434d11081202c88743dcd8545a6549eee530189e0d0e54f8aba608640381b7df7e3ba2f4c8669fb0c7307bb1c174ddba7592cffdd9679f09516bddba7536a0f6ec1a7c5f5063edeaabaf96f9a8e51e01256cb95f031d8122101a043841b571eea199944e246f10a0d620a1bd0b162c8810b7934f3e39d0f35fbf7ebdb9e5965b6443a9a6087885c00f3ffc1021691f7cf0412437ad72e5ca5e5dd217fd7ef2c927e25123b70b6283a73ee8b666cd1a216b83060d92123e6afe4040099b3fd64147a1088406811b6f94c496150000200049444154bcd1ecdbb7cfcc9e3ddb142b562c34f3d289e40f025bb76e15e2f6e4934f0a71a39d79e6998104e09ffffca779e081070c7fd51401b711e09083904744449a346922442da82a88a962337cf870f1aa712082a8c86f7ef39b54bbf0ddfb172e5c28646decd8b112c2aae61f0494b0f9672d74248a406810400d6bd3a64d42da4a952a159a79e944f20b010e1e6c49806baeb94688db39e79c132810a8fdc4869abf6a8a801b0820606349da175f7c11f1a6952f5fde8dee7ddfc773cf3d27448dba8e78d5aa57afeefb31273340e6d5b56b5791ed6fd3c6bb1acac98c45dff34b0452226cefbdf79ee1478b387f8c93f4471f7dd45033837fbbf7de7be5c72d95fa0c24a4ae58b122d24faa8b94ee7553bd4e10de7fdf7df71588355eb972a569d8b0a10c9d7fe3849802b2896cd5aa5552a38844d9871e7ac8dc79e79db2decebe8280858e31f70870ef20db0c6943614a4d11082a025f7ffd75a42400df8f10b78b2fbe3810d399366d9a79f5d5570d7fd514814c1058be7c7924ec11310a3c302d5bb6cca4cb407d76f5ead512fe486d47885a98ca828c1b374ebc8484765e74d145815a977c196cd284cd92b5c71f7fbc0009f8e8a38f846c511050095bee6e1b08995d0b4ba021d776bd92256c10680c620779e3879ecaf66a8a403a08f09d3067ce1c216d679c71463a5de86714015f2140a82407937ff8c31f84b8513cdecfc658f9fdd6b21b7e5e25ff8e8d5a62843be2514311d82a3d9e7aeaa9fe1db4cb23636f05517bf9e59785d4f4e9d3c7e52be4b63b0ee7297502590bb382676e51cefcea49133636ef6cfad9d05b0f1a3f022424722373132f5ab4c8346fdedc4c9a3449de4b2c331e1e2b99cce68dfa1b4e2f4eb366cd0ca797d653e7f412a1360771f8f6db6fcdedb7df6e7efffbdf473c485cf3e69b6f967fb7d7758e2d736882d383c5875311a7070d2c313c6b143dc4c0b443870e82e7f8f1e3e535eb297df1c51723efa376c8c489130bfc3b44504d11481501e2fca74e9d2a215955ab564df5e3fa7e45c09708e0b1820c91a789d040e7ce9d531e27076a2d5ab430152b564cf9b3c97e80fcb5c3870f9bfbefbf3fd98fe8fb4280c01d77dc618a172f6e1e7cf0c1b466b378f16221693366cc8890b44b2fbd34adbe82fc219e1fc21ffbf7ef2ffbcfb0ed83060f1e6c5e7bed35216be5ca950bf252857eec49133648176400459ce79f7f5e8897d39ca189c71d779c108258848dcf58cfcf79e79d27efc3206c10061b1e89c72edefbde7aeb2d49f2641c583a9ebdb0ad2c64155206918de511737ad82c91e37d765df96fc835fdbcfffefbd207c49a93354ba6c38699ce277b088c193346eab8e0690b5a0e50f650d22b0511010e22206ed42cc2e3c60158b24671ddb973e71a42cdbc32429329dacb5fb5fc400092c17d45844c2a04034f92cd4d4340833d1c1eb5d2a54be707708e5972b8cd7e8a1a8610b5301e36f25d85a22764ad64c99279b7c6419b70d284cd4ecc1203fe9f3c274bde92256cd6bd6e498025057cc1dc75d75d123b6bbd449664588f90fd37a7c74e09db7f6f394bbef038624ef2162f24d27ae72cb956c216b4473838e345718f830048db05175c109c81eb4815812410408591b0430e146d2db76436cbddbb7737c71e7bac79e2892792b84aea6f2112a5468d1a1291922b3b7af4a8d4a7a2b107e0b70ab18a2fbffc52f2810e1e3c289136870e1d32085ae011a43c08bf4fdf7df79df9fefbefa5211d4f581eeda79f7e9286fdea57bf32458b169586c713cf120d5c59030e918f3ffe7851f163638a10122404227bc2092798134f3c5122874e3ae924c9b7a51d73cc31b9822ba3eb1239f3c8238f08593bfdf4d393ea8b503f0e67296761495a83060d92fa6cd8de84d380bd13f71f9163448185d1708860d6f111c639866d4e2913362700ce3049be84ada72b91876dc3860d054446a2099b0dd3b3d7e1c119306040428f9d7ad87e795b4687493a095bb4780c9fb6a222f1081b6b6a4354c3f610e87cb287009b02c2c7206d8d1b374e78e17ffdeb5fe6dc73cfcddee0f44a8a800b0850f70ce2c626d896044824ba03e9a85fbfbe4448f07eb78d0d38a90a362cdeedfee96ffffefd72524f640c6defdebd52da83d7691f7ffcb110234b86204610248812af439c2050102948158ddf1c1aa48b22e61030c818e42c9efde73fff115207b93b72e488903d36de3488200d62084184284218218e1048f6309654f2fa69a79d66ca962d2b0de243b8182a8834f21779dd6f366bd62c73c30d370859e3403d91eddab52b929b46ba89cd4d03ef7c34ee5b421f0905c5a3d6bb77ef50c2c0a108b2fddcc3d1fbed504e3844934a9ab039c528ecfce379baa2099bcd75232caa300f9bf5f438318ef602a987ade01d081e77df7db7e42838153a9de42b9eb732590f1b574ce6b43844cf864ec52304900cc68b0e698ba7b2c53dcd86898d1327e36a8a40d010d8b66d9b844a52cfc812b74a952ac59cc6e6cd9b85b421d0e3769e50dbb66d4dcf9e3d3396e986086dd9b2c5302f7ed3693b76ec303b77ee34458a14915c693681344b6c203a9081dffdee77415b3e49ff204410e2698928a49446da00449bf5a43034292234c2e6ce3efbec9cd49f240f897b67e9d2a509ef21be7f097be4b0dc92b4f3cf3f3f70ebe3e680710cd0081b86ac71381046e32005b276c925971872cbd5828540d284cd49ba6cfe1a84801373fec6f2b0f1454d0814ff3e62c40871bd72b2c6668dd713e5b07122c6fb20703624325e4e9c7ad87e96edc76cfe9a0d8f0433708c47d8ac004c611e36256bc17ab0fd3eda79f3e69976eddac97702f2d0b18cd751e023644c4d11082a027898206e78ddd82c41def8ed8b3636d203070e346bd6ac7195e0e0c966135a9847db391e3c518476e2e5a6accbc68d1ba5ae62850a158490d0aa55ab16212af998ff82a7c212570aad436669bb77ef16a53d6a74e1e5224a80f5f6b2a8326b0359e370e0aaabaefac5bdc5b86c6e1a6b67c31e83fa4cb9356e8483f0aa51aa836724de818a5bd7cb653fdc237cff74ebd6cd0c1932249743d16ba78940d2848dfea343e908b3b0ca8c9620f03e4be06ccd36c406d6ad5b2721934e9548de8b4b96133a1e1a48815325d2e66025f2b0590268af9b4a0db83431f3d5c7c0ddce39ba0e9b3384d1e61ef21a27a07c4161608cd91a6d9ac3e6abe50df560c8f981b451ff25567d40c81cea92afbcf24aa871d0c9e5070290205b12801c4e428339e9761abf91fc56924be496e13d217f34911705af1135a6208b6bd7ae9531d4a953470417201b900e5aa27044b7c61bf47e08cb84e8d220bda48110265bb76e5d53af5e3df1a4921fc6efb01bc6810064ad5fbf7ebf909be7409df6eebbef46485a588a3c6782ddb265cb64efc35a41d42ebbecb24cbaf3fd67c9cbe300943987ad2481efc177718029113617afab5db9840004abb062d82e5d4abb51045c47000f2fa40de9694a49441b792d9c0c1262a5a608840501e4fcf1ba911705716bd3a64d646a575f7db5dcef2848ba6184ec4100f96b8d5063f29cd8b8a250498e19a25e1ce4a1160ca950731701c830df7744b3b08126e41bc24e837091cb97aa91a7c767295e3d74e850f93824d1d64de36080b047ee293523a1ac9016c247216a3d7af4083d2ca88542d6f0b076ecd831f4f30df30495b0057875ade7110f859a22105404d86040da060d1a249b57a791405fa54a15111e525304c286001b6b881b3960844a72f886270e4f0cf7bc1be1c0e48f11d648bf10373cd60b172e344d9b361505bc264d9a142a501136dcfd301fd6847c33442e962c5922f5f8205ee4f5265b978ffc44a263287c6c491a794a36372dcc217ea9ac21aaa2364f0de547c85a3e788b2169a8c322dbcffda5166c0494b00578fd6c5ea195f10ff05474e8798e003916eddbb7172f1b793cd6d8d050ee83102d354520ac08203642b824e16d1037c217216d7865f89bae219c81b78e103c080207236cf25bb76e2d12f86afe40004281aa280d3126c24ff18ad0e209b6e01dc2334a6825648d0d39b969acafda7f119834699290353c911035f230f3c110f97bf8e18785aca9c73c1c2bae842d1ceba8b35004028f00c9fa6c28d9a4f0c36a8d1364e4aa55e23ff04bac132804014214216e1c5010ce46ee11ff9daaa807877856100c010cea9c22e0a3160c0410659a316386993e7d7a447c0dcd006b78e110828174f37dc9411762226aff4580c33e881af5f4f83d89ce170d3356cc7be6cc9942d6c258f03bcc6b97686e4ad8f275e575de8a800f11e0c4184f1ba7a16c3231ab68459e9b9a22104404a8f945bd2f5b009adc235b2b2cfa35fe7ffbf6ed9263f6e9a79f0a59238f33199b3c79b2088c507f8c4d3c72feaaf09b0c72fe7c0f690f7888264e9c28f5e80811c7b386fc3c848d3057ee11eac7f1de534f3d556addf137d17f9f7cf2c9fe9cb00ba3a2d404227678a7216a8487e693f5efdf5f0e79206b412ca7914f6b95ea5c95b0a58a98be5f1150043246805a4ef14efed8dce269c3a3f6e8a38f8ada1a72c4147acdb61d3d7a34524c97d225a8b2b2f146b4817152809742bc487cb3793a7cf8b014e965f3c4a6dc6ecca96145d8138dfa4d34f296689c92d3280a4cfd1f1a9b3336dad4b4a40e1d92e06cdc292c8c100b85861129a0f0302ab1a8e5daa2c49c28abf90b01ee093c5dacad2d029dcc7f73bf705ff01c2432881a6acc94d2412d905c28b5702140eee1e8d1a3a5361c9bf268c10cbe73206e96c039ff3afffb8d37de48d9631b0424f9aec5b344182044cd96380ac2d8dd1a23f704f700642d5f0ba0bb85a51ffb51c2e6c755d13129022147000f1ae4e7f2cb2f9786329dd3f8f185b4919ff1c4134f88c4381e360412dc3472869034b7857149d8a7502eafd3f0f8418c2c1982184190204abc0e71824041a42055344816648b6637e76cba1325b9232f0da9b35e17365f3436fa10411ac4108208518430421cc11022c98f348dd7519f2b5bb6ac340a17a344680b198327afab8503014a63e04d80a4a312e876d1ed70a014ae59e079a5840f641e018db04bd227b37a7895790e38a80013bef3f2c9f8fde05093df1e4a37a9851301256ce15c579d9522e07b0438e99d3f7fbeb403070e44c81b04ce0a2274e8d041c8508d1a35244c8c1fe6540d2284a8095e3d5be896b019ea3fe2e122470e2243b3c406a283b722882125084d700a0ff1b44414524a43d61aef1eea71c8bc53179386b7931c1888a55a3010183c78b0d4291c316244de857d056385bc1d250a800834510879f8f0e1de5ecca7bd93ab0951e3a00caf9aad2febd3e17a322c0eeec863e43792fc57b5f022a0842dbc6bab33530402830064cc92376a1559cf1b7f09f1c2c3f4faebaf8b772991f13eca041046892a1e791ee4ffa00c0621a155ab564d480ae5022083f966846f5ae2ba75eb5621b334445f08dbab55ab96c8bc13924ad16436436afe4100d2ddbb776fc951e20043d7c73f6b93ed91f07d475e1b218fe4b9e58b0222df5b843ff25d0f51cbd75ab47c1740d61014c2ebaa166e0494b0857b7d75768a40e01020cccf9237fe120e496ed8871f7e282788ce22b0788d56af5e2d09e66bd7ae95646bde5fbb766d211b900e5a3ed4dcc974a109ab81e8d2d8086dd8b0c1ac5fbfded4ad5b57a4e59186461e1e4fa45a6e10e0f081d0a7ae5dbb4ab90b354500041068c2e3f6c20b2fc8a14b588d1071881ab97c843e5a41aab0ce37d1bcf88e86ac51bbf48e3beec84708f26ece4ad8f26ec975c28a40b010b0e40d99624e12a92185fcf9f2e5cb25c7eca28b2e925018f2e0b4de8cfb6b0b19c6ebb972e54ab362c50ac9916bd4a89169dcb8b1e44c91cba7e63d0284ba92af4421dc5b6eb9c5fb0bea1502850005d8c9f725af3188a1dc85813d76ec58216be436e355cbe75c5cd698839b9123478a12ac5a7e20a0842d3fd65967a908041601d421172c586050495bb870a169dab4a969d6ac99089010baa7965d040835a5c6d1e2c58bcd92254ba4602fc9fed486aa58b1627607934757c3b34cdee1fdf7df1fe859138e7befbdf71a0806023e6e1b870bd4a04359d38d92066ef7e7f67c9dfddd7df7dd929bfbfcf3cf7b7999acf6cd811d440da127881af509f3d9a8490a594309120f9b5afe20a0842d7fd65a67aa08040601bc09fc30d108d1e354b56ddbb6e25db3822481994c88078a52dddcb973cd9c3973ccecd9b325fc944d042d8ca7fcb95aca975f7e5936ab6fbffd76ae86e0da7595b0b90665cc8ece39e71cc967e2bb32c846d1780445366fde2ce18fd75c734d90a7e3cad8a9c93760c000216baa0eea0aa481ea44095ba0964b07ab08841b0154bf381d7ff6d9674de7ce9d4da74e9d240c522d1808cc9b37cfcc9831c34c9f3e5d8400aebbee3ad3bc79f3600cdec7a3e4449d3a7c53a64cf1e528294171fbedb78b2810de1dc267c921e5b5f1e3c7cb98790d3552ee0b9e73ee0b36a0900bee13429ac95f2527070f1ce52af0ac20a841a8331ec6091326485fcf3df79c78d7b91602424eb31e31048550d0e43a7c9f586f1ed783fc6248a05bc10a3b07e7781993d3c3c66798130ab27eadf3856a2462246cea8368882241d4c68d1b27eb3468d0a0204ec3f5313ff2c823e295665dcf3fff7cd7fbd70efd8f801236ffaf918e5011083d0214fe45f1eebbefbe33bd7af592b87c37c299420f9c4f27c8e697cd38ca75147045c92ebad0af4f87eebb61210673f1c5174b38b05f15212dd9711219ab5a07b181f490776743f56c482475a32040f1089bfd0ca48c3ec8557592c158c4c9becf9231e738206ef640084288d7e6f1c71f17b2c8fb2887412825820ef6dabc8fcf108a4ac8a11dabef6e94ff1b10648d306554758326b684a814648d7581aca184aa66e47080d050446534ec3c7fef08256cf9bbf63a734520e70840d4468d1a2527d6c8f7930ba5162e04c83d44d58dcd70fffefd95b8a5b1bc94b760c3e657b3840d01203c5678caf8cb46133264ff1db243f1f964091b24ca7ac72062ceffe77564cda33d5dd1ef738660225c41dd45eb55b3648e3033277174ce075554081b1e3bbc7a419090f7fbfd127d1f13f20b51434804a286d2afdacf08fce94f7f92b0503c6be4f1a9e52f024ad8f277ed75e68a40ce1040e58a1fe8638e39c60c1d3a54d406d5c28dc0abafbe6a860d1b668e1e3d2a39299a8391dc7a07c9c3e6f494d9d047e72cf17a51722359c2e6140f8916ff4844d89c9fb3840d453d089a25958ccbf681f2a69360f26fbc17720761c3b347a824821e7c6ff9d9fb1f240f1b399984bd822b448dd05fb5ff22d0a54b17432903c85ad0bca5ba8eee23a084cd7d4cb5474540114880c0e0c183cdd4a95325bfe4faebaf57acf20c01ea450d1c38d0906b337cf8f03c9b7d7ad30d4a0e5bacd0c6e81c33a7c72b3a24927febdbb7af1933668ce4b0a54bd8e279e632f1b0112a09e9737ae8d25b4d6f3fd5bd7b77431e989f73d8befcf24b216a445840d4b48e58c17be2c8912322dc74ca29a708466a8a00082861d3fb40115004b28200e14bbd7bf796bc04f2d5fc9a8f931530f2fc227801c86b435002210936c16af11120640caf248aa97e3467c82321909833770c2266f3c5628544da5c343c5e1ce490eb960961b3b96e36378df1103a99490e1b846dcf9e3d9e962470636d5189840cb569d3c68dee5cef83f068bc941cd641d6bc28ede0faa0b3d8210ac91cd0d4ad5b57d205d414018b801236bd17140145c07304366dda243f425dbb763577dd7597e7d7d30b040381071e78c04c9b364dbc01356bd60cc6a073344a3fd7618b45d8a25517ad0888cd6f0346089415ffa0be1f1bd475ebd6455422d3f5b0d99c33c8df8d37de58a0265b262a918442c60bc5ccd16d51e0b288a2ecd8b1c3cc9c39d30fc3293086175f7c51882421a610355444d50a22b06ddb36f99de459b74aa68a9122a0844def01454011c80a029c1892af449e08ca6b6a8a80130154fa085523af516bb7c5bf37f439d2e72611027e7d8ede7cf34d216a7827f112535353ed9708ac59b346c81a650c080b565304a211500f9bde138a8022e029027ef60cc49a38e15bd17937f67dd1c2076e0017cb3be146bf41eac3cf9e013fe1a89e6a3fad867fc6e2474f359e53421fa9c988b7e8b6db6ef30f603e1b09253b206b1c5c695eb7cf16c747c351c2e6a3c5d0a12802614380dc1b7eac51030b8a25226c5ecc4109dbcfa8fa3df7c68bb577f679e79d779a1a356a98264d9a24f4346a2ea8d72b119cfefd9a0b8a380b5e356a6af2fd5fa64c99e0809ae59152049e54016aacf935ef30cb90e8e5e220a0844d6f0d454011f00c01bfabdbc59a38b9344f3cf1448102b94e896f675e4dac7c18678e4b743daa581eba68c2660bff323667fe8d3327a863c78e32f45b6fbd55ea5c393fd3bc7973c9b3c16b8550829f25c89df80741ddceb307c518336edc38b374e9526955aa5411e2468b57f242d556bd5c0dfff7ed47b55548075e352214087fac55ab96ff81cce10879e6c1891c5eca4da82902891050c2a6f78722a00878824010ea47c59a381eb60d1b36448af242ba2046d48e722ad79144bf62c50a2145e4673855f0264d9a241b179bb7d1a95327d3b66d5b215298b3f86e745161db0f49f914f3752ae8d9ebbdf5d65b521b6ae5ca95a66ad5aa91f1b151b2d7e0bdf6b39e2cb0cb9de22d806c32ee7caf39f4faebaf47c8dbc68d1b23e40d02c77a5bd37a862edf8401e8ce8ff50c118ae1fbeeb3cf3e138f5aebd6ad0380646e87f8e0830f4a791b155ccaed3a04e9ea4ad882b45a3a56452060085c7ef9e566fefcf9811a35840d62666b39a1dc65bd6a1025fe9b9c11d42e9d4578ad17ae458b1605081e7db1e9467485ba633d7bf62c9023e7246c0015ad8c47bf1040feda3a57cecf4413360bb617f9765e2f6410ef17af31e1fec1eb0639e32fc5e6adf78dbfa54b97965a4d282c42d0fbf5eb675ab66ce9f5b0b4ff2c23f0ca2baf1824f13ffae823d3bf7f7fd3a3478f2c8fe09797430887d0474807448d832db5c211c03bfeda6baf096ee5ca952bfc03fa0e4540ebb0e93da00828025e2110640f1bb5a2ac570d896c5b2cd792204bd8c68f1f5f003e362fd47b825c11cac6c973e3c68dcddcb973c503c7a6fafefbef2f507bc849be3ef8e08388d78e50465b64987efff4a73f49df8440468751da3a578473da304a8a12dbf0c820d43ac2c306d9c5bb94ef1eb644cf24e49fda75785a58776a1b12c28b41dca871f8dd77df49fe108703410989f5ea7b28c8fdf29c73583371e24473ecb1c74aed423f103530e5f009af1adf939035adab99dc9dc6f733dff390b592254b26f7217d9722a0844def01454011f0128120e6b0110209c1817451e47be7ce9d11af583461b31eaf680c79dfe6cd9ba530349e35f24d8e3ffe78f97f4897d332f5b0d942c5b64f3fd7894a74afe57b0e5b2c6cbefefa6b29964dc3bbcb7d8421e2d3a74f1fb9c738008896015fb46891786ab9173a77ee6c08c9bde28a2bbc7cd4b56f171198376f9e99316386282c123ecdf70c872f7e30c6c50112f96910b5ead5abfb615881180387761885e1d514815411d090c85411d3f72b028a40d20804512512028557c20a7938853f9c6186ce1cb66fbef926b2b1628385e78364f2f2e5cbcb29349bedbffded6fe2258b265899e6b0e10d24bfeeef7fffbb104d9bc3869a20e15341111ec97795c82fbef82242ce060c1820cf18eb47598c73cf3d570a0de35de17ec17b46381a9e970a152ac47d1e79cfac59b3a441faa881452e253946458b164dfa39d6377a8bc08f3ffe285ef83973e698d9b367cb7a5f79e595d2fc529b70f5ead542d4befaea2b216aad5ab5f2169410f57ee8d02191eda7687874544688a6a953f11801256c1e03acdd2b02f98e40d0eab0d9f5b20a8f9c6e5b9190e8bc30a74aa40d87e4f39684d91c371bda684995f39e48472572e0c08106ef8bf5f041d2ba74e922dd5a82d9be7d7b216f410887ccb73a6c070e1c10126fbd26478e1c31106f48199b75eeab58e1526bd7ae15b246217af29952b15dbb7699050b161872a1a8fbd4b46953d3ac5933c987fbe31fff984a57fa5e1710207c999cc4c58b179b254b96483830b98710a18a152bba700577bae0d0804327082587507876d5924760efdebd42d62eb9e4120923555304d24540095bbac8e9e714014520290438e567834968e02db7dc92d467f44d8911800012063766cc98b845be8382e1e38f3f2e056311d5f08b37c14dec3efef86373f2c9278b5808463ee4975f7e29c48cfca4441e32e738c85b838ce355cb348f89eb9303b76cd932b37cf972c318395c4079140f70fdfaf5dd8440fb32c6ac59b346bcf628bba2847ada69a799468d1a498e2bf9ae279c7082ef7022dc968328444ef0aa693e646a4b44a17bbca43cafd459545304324140095b26e8e967150145202904f8e1e2949102a1a82baaa58e80d39bc7a7d9f8458757a6de6b6e3f8178cbb469d342236d0df161238e117e88170d0f2a4aa975ebd695d7b76fdf2e75d65231c839622c90b5dab56ba7f2d1a4de8b0802216f900abc7888e5d4a95347ae65bd7e104c1583291c4ec4969c7987940859bf7ebdac7fbd7af5840c3768d040c2e3fc6acf3cf38c78d5b807f0aa512e442d350420e5903508af7a2553c34edf1d1b01256c7a6728028a40561020a70a453b843c50b25355b1acc0eecb8ba00889e21d222c788ef03a05d51091b11b74e662737bc81b83e4643237046f0881241712b256bc78f1acc0c4fa40369917a17b285372e88237f0ecb3cf9656ad5a35d9c8d3f251ed8ebc243cddb4ad5bb79a2d5bb648dbbd7bb7a959b3a68872106a6af30f83f07d07c980a8a1328a478d9059b5d411207c14b2864850c78e1d53ef403fa108c44040099bde168a8022905504a84143c1d011234698ebafbf3eabd7d68be51e013631e4e075ebd62d50391d2fbcf04284c4a0ba88b718c3036137e5102bb70c511bc81a1e692b42e256dfe9f4f3c30f3f0821a12ea1252a3b76ec1015d522458a0831c56b440307dae9a79f2eb5e18218ea4a2837f95bfbf6ed337bf6ec91862792c6e1d34f3ffd642a55aa642a57ae1c21aed44484cc162b562c1d8873f6990f3ffc503c41e4d341d43858534b0f01bedf08ff47b69fbc443545c02d0494b0b985a4f6a3082802492340be1227b9e4f50c1d3a547238d4c28d003953c3860d33478f1e1592435ea31f0d426265f4211a77dc71870c930d2dc4c492b3b265cb7a367c543f6dfd2dbfc8b9279aecfefdfb85c8586283d0024487d769848a92a375ca29a748436005319c134f3c515e2f53a68c14002f55aa9478de69d41124678a56a24409f12e4284128565128e08b1fcfefbef0d422e788a5070a5e135a421d673f0e041513b24970f754e04862850fed9679f49e375425b59b7d996320000200049444154631ac49302c79688424abd5c7fcf6eac181d735ff35d3c64c810792e834636b3895561d722a7f8e1871f16b2a679a085a1a5ff9e2a024ad852454cdfaf082802ae2140a15f8a49730adfaf5f3f5149530b1702a812a26888b702f1824c0533dc44873a6684fee1397af0c107a56b8a5023c60131a365fb941ce5404a31100269f3e1dc9c732efa82a45b32043182204194204610270814448a304348d5e1c387856491ff07f1a241c2206348e0d3f070d130481c650a68100ec81d8d62d3103ec81f75102182846f420c218810450823c411020991b4a4d28ac4e402af6c5c932807c81a423378d5f016aaa58f0058ce9c3953c81a9e563545c06d0494b0b98da8f6a70828022923007123af8d1371c2c07af6eca98a6429a3e89f0fb0d1b61e2236cde4abe59aa8516c1acf1905ba31421cc93fb31e33c234d5fc8f005e34dbec68216cb6f97f06b91d218711900b3084a8f9d5d39d5b9452bb3a075108f540d68218fe9bda6cf5ddb94240095bae90d7eb2a028ac02f1058b4689179fae9a7a57e58e7ce9d0db942575c718522151004e6cd9b6766cc9861a64f9f1e29249eed903e36a278cdac9ae26bafbd26f5cec835829c717f617875f0b2a82902f980007977843e52c681d0477b70910f73f7728e1c44e13d86ac7138a5a6087885801236af90d57e150145206d0448f847658f86570489f4b66ddb9ad6ad5b4bd8939a3f1020340d45b43973e698d9b3670b21421d8d968d9366c2e4ac72e2bbefbe2b9b50ee97ead5ab8bbaa12566dc334150e9f3c7aaea28c28400cf28448dfc513c6a342dcf90f90a733044a91a426ded2150e6bd6a0f8a407c0494b0e9dda1082802be4660d7ae5d66c18205865ca8850b179aa64d9b8adc7493264d44365b2dbf10a01400ca8978d1502b24d7c9da1b6fbc21a4514fbaf3eb9ed0d9c64680b064c81a618f10b5648bb42b9e891120ff9243a91a356a98bffded6f0a972290150494b0650566bd8822a008b881002205a80d928741680fea73175d749124ce53445a95b9dc40d91f7de0196033646b9c51381a91086cfcf8f191dcb3b08b43f863357414414200e11a881a022c843f366ad42848c3f7f558092d85ac11aa7fdf7df7f97aac3ab87021a0842d5ceba9b35104f20a01a4c457af5e6dd6ac5963d6ae5d2b89df75ead491fca5f3ce3b2fa2f4a7214085df1684f858724451643623e412a29e87ad5ab54a427f50304479cf4d83845b297d369a56b1eed65b6f8d10333c676a8a8022101f01eae2f1fcf07d88474deb5cba7bb7e0d587acf1bd64cb7db87b05ed4d11888f801236bd3b1401452034082009ce8f2a9b7f7298366edc68366dda24a14014b4a54146ce3aeb2c69487ce79b219fbe7dfb760927dcba75ab48dad376efde6d6ad6ac696ad5aa252a9d5e10b603070e4448e1c5175f6c2eb8e002811fe97ca4b0ad6223e35053041481e410a0ec01ca8fd40083a8a17eaa963c0288253df4d04366e5ca95713f44ed5072d6468e1c29df8f6a8a40b61150c2966dc4f57a8a8022905504a8dd0421a120322485c649f4ce9d3ba510f299679e6928844bb3857129944b6db86c0867b80d06822dd43ca370b12d648c279246380fb5abf060a19a68892b6409326b8be6e24d4b44d8e8f79a6bae11524c1ee1f3cf3f2f7d81ad7d1d65463c747840118bc1aebbee3a199b2566d75e7baddbd3d7fe1481bc4280722878d55ab56a25648d02df6aa921801a31074837dd7453cc0f227e05594309120f9b9a22900b0494b0e50275bda622a008f80281fdfbf70b91b1c466efdebd4274789d468e1c85756d315d0aeb122248a15d5e27a70a69780af1a24248a3482f0de18b12254a888a214428515826e188104b540f392da71e1d621a34bc86343c6348d15368985c3e12df29404c21625b9498d729b65cb66c5969104f36709688424a79bd302b8cb071ca0cd1857041ca208237df7cb3840add7befbd42deecebcc8d3c1a35454011700f010498f0aaf19d0351238f572d7504f8fee43b93efd358111708b70c183040c89ad6ac4b1d5ffd847b082861730f4bed491150044286c0d1a3472364881f7608123fec10238813040a2275e8d0212155870f1f169245e1684817048c061943448386878b86778f86e43c0d5207b9a341f6c81383f8211bcda68ccd04c4108208518430421c219010494b2add10e1288cb01176ca06319e77cdde06d6cb66f3e042767be8741481ac23401833448d6710a2a65eeacc9660f4e8d1e6edb7df3653a74efd45478f3cf28879fcf1c7cd0b2fbc60ce3ffffccc2ea49f5604324440095b8600eac715014540114806013c4db6d9f7e375b32d993eb2f51e421bf194fdfdef7f4f283a8217ad4b972ee6c61b6f947022f2409c9fc9d678f53a8a40d811e02088d0c7c71e7b4c3cd643860c09fb94b3323f44aa1e7cf0412913e334f200e7cf9f2f64ad62c58a59198b5e44114884801236bd3f140145401150040481175f7c5114e6060f1e2c27f76c5a289780c7f0f6db6f97bc3e5e23bfedd24b2f957fb3ea91bc4e323e796a365472c58a159ea84aea722902f984c0d8b163c5abd6ae5d3bf1aa2513d69c4ff8a43b57ea36f6e8d143c4979c46683779cf844112c5a0a608f80101256c7e58051d8322a00828025944e0dd77df8da835a2a8495d3b0ca5c819336648616aa78008ff8617cd4afa131a0a295bb46851a1a2231a0e99c585d54b850a013c3c78d57886f0aa699d497797176286b0d4d0a143231d1331803713b2a6e560dcc55b7bcb0c01256c99e1a79f5604140145c0d708a0e4686b9c8d193346c64abe5defdebd2375ea50484320454d115004728f00072a1035bc3c78d4505e55731701f288c903267f0d3126c49e5080241778f2e4c9ee5e4c7b53045c4040099b0b206a178a8022a008e41a0167e1eb5ebd7a458653bd7af5083163e38772a49a22a008f80f01048c087d1c376e9c10b5418306f96f902119d1d34f3f6d66ce9c69e6ce9d6b2885826c7fddba75cda851a34232439d46d81050c216b615d5f928028a40e811407512af19c9f036e490ff464d921a67fdfaf533e79c734ee871d0092a026141e06f7ffb9b78d5385421fc114f8f9a7708b468d1c274efde5d42ba216b575f7db590e46883cc2d59b2c42c5ebc58d6851a966a8a402e1050c2960bd4f59a8a8022a008248900821f1f7ef8a1a1b83556af5e3db36edd3a73de79e7892a63d3a64de575ca08500e404d1150048283c09c3973c4ab8690088401d542356f11d8be7dbb942579f9e59785ace1c9ecdbb76fe4a2082941d06884a5366bd62cd2ce38e30c6f07a7bd2b02711050c2a6b78622a00828023e41807a6eb6786bd7ae5dc58bb66ddb36336dda34d3a9532719a5256b6ed45bf3c9b475188a40de2140ee14446de7ce9d42d4200e6ad941004fd9a64d9b4434e989279e90432f4bd0f85bbe7cf908416bdcb8717606a55751040a4140099bde228a8022a008e410018ab35a51903e7dfa444e7a274d9a24e18d78d2d4140145201c087cf9e59712fa3865ca1409b1ebdfbf7f382616a059a00c89d22d222328e3e271b35e34c81b844d4d11f01b024ad8fcb6223a1e454011082502e441bcf5d65b42ceaa54a922a7eb188570cb942923e4ac56ad5aa19cbb4e4a1150048c94c5e0b9bffefaebc5ab16969217478f1e359f7df699b4cf3fff5cc8d0175f7c6120a75f7df5953978f0a04150850802146a0f1f3e2cd2f9847b13cafdfdf7df4b2337f7c71f7f9486881256a4481169458b169556ac583153bc7871698480fffad7bf36c71d779c39fef8e3258797088552a54a99d2a54bcbf72a4a90d45203eb934e3ac9a0c049899272e5ca990e1d3a0851bbe4924bf4f654047c8f801236df2f910e5011500482840049ea96987df4d14786a2b7d8f4e9d3cd9b6fbe19f19a9d7df6d9419a968e55115004d2448082f478d52a54a820442d685ef3fdfbf79b0f3ef8c0ecd9b347dadebd7bcdbe7dfb0cafd33efef863214608a5d0204610248812af439c2050102948150d924583745152040206194b54fb0c1207a983dc21c30fd983f8d120823488210411a208618438422021929654f2fa69a79d267983349473217078d668c8fc6b71f2346f76fd9867082861f30c5aed58115004c28e009b161bce487813460ec4c891232352fa1d3b760c3b0c3a3f45401188810007341035080edf0feddab5f32d4e10210436c8997defbdf7a4edd8b14372ecf0709d79e69942646896d840747efffbdf4bf1e9a019076b1ca8f11d6e8928a494f6fefbef1beab4a10859b9726573d659674943f889833688a59a22906d0494b0651b71bd9e22a0080412017ec82167eddbb797f1f3df2d5bb68c10b3071e782090f3d2412b028a80bb081c387040421ff1aae351bbedb6dbdcbd4086bde189b25100efbcf38ed9b871a38870e0018490d0aa55ab16212a560829c3cb06eae378eac86d83b86eddba55c82c8d9cb79a356b4af83a25016c9e315e433545c04b0494b07989aef6ad082802814460d7ae5d52e30ce3741ca96d5419f971a6d0aa9a22a0082802b110c0bb8e57ad77efdee255231430d7c661d3ead5abcd9a356bccdab56b456996efb4dab56b4b7826df6bb444e188b99e835fae4f5826877536b262c3860d66fdfaf552749b922bf5ebd7370d1a34104fa49a22e026024ad8dc4453fb52041481c022403e44ebd6ade5879804764e53f98b113643f88f9a22a0082802b110983973a678d5089bc3ab964b012172b45e7df555b36cd932b37cf972c931bbe8a28ba4f658c3860d8554a8b98b006498fa6d2b57ae342b56ac901cb9468d1a19ca025c7ae9a592cba7a60864828012b64cd0d3cf2a028a402011b8e38e3b2227a4d443b2a7a1afbcf28a9c389f7aeaa9819c970e5a115004b28b001e2b881a821610350e7d726144052c58b0c0f01db670e142a92d86026293264d24744f2dbb08106aba74e952c9694621b8458b161242dfaa55ab48f4467647a4570b3a024ad882be823a7e454011888bc0d4a95323e12ba3468d921020ece1871f8e8401a168a6a6082802f98d001e92543c4f885610fa386bd62c216ab7de7a6bd601640c5c9f466400a2266ddbb615d28804be9a3f10a04c01a1f473e6cc31b367cf96df1e6ac0d18228d8e20f54f36f144ad8f26fcd75c68a40e8102081de26d1b359e13413ebd2a54b811c0de4a5d5140145401170228060109e3236d4c9d8430f3d245e35481a642ddb82138b162d324f3ffdb479f6d9674de7ce9d4da74e9dcc15575c91ccd0f53d3e4060debc7966c68c19224a73edb5d79aebaebbce346fdedc0723d321f81901256c7e5e1d1d9b22a00814408002ad969851c3871f3a8c8d13ca673679fee28b2f56e414014540112814014423c8efa2a0b2151a8af72136d978d5083184a855af5ebdd0fedd7cc3e4c993cd934f3e29f5c77af5ea657af6ec2985a3d582890085c3274d9a64264e9c28f5e86eb8e106d3a3478f604e4647ed39024ad83c87582fa008041301c8912d344ad1518a8f52849484768a92529c14e9e343870e09593a7cf8b01430e54788a2a6340a9c52df8790101ab56d68d4f5a111b643a3ae0d855369fc70b109819021fac1e935b2d2145dddbc79b3c82a9373465d1c4e970969b4055b5172545304fc8e4026cf169b759eab549f2d8a13d3e23d5ba819e281461c8182c7143ece87670b61086a25de74d34d716f1b1416216a7ce7a1fc482e52360da246483735cffaf5eb97f5eb6773aef97a2d720f478f1e2db5e1faf7efafc42d5f6f8404f356c2a637852290a708ecdfbf5f8a84daa2a1c8d7a386c8eb3494c5d8bc5932c4e68d4d1c9b395e6773c7260f2205a9a241b2d810d2d81c42c0206389e4a2914986d4b10185e4b12185f8d120823488219b254823ff0d71e4bf21929654422451e62a5bb6ac34541dcb952b1729f20ac9e3753545c06b04bc7ab678be38d048f7d9e2308516ebd9e2108667289f9eadfbefbfdfe0617be9a59762de126c9e216a84b0e151ebd3a78fd7b74e81fefff9cf7fcaf539881a3a74a8a80daa851b01d43d870d1b6638d4e170e0b2cb2e0bf78475764923a0842d69a8f48d8a40f0108008214fbf6ddb3629004adbb16387d9b973a778b8ce3cf34cf156d1ca972f2f0da2c3496e1093a149c2679305f1b44414524a7bfffdf7c5bb57a9522553b972e548515864b829140bb15453049245409fad3df25c05f5d9a276d625975c22a190148c8e36c81c64094559c85ab6430f070f1e6c104d1a316284b9fefaeb93bd2df57d2141e0a9a79e3203070e34ddba7533c3870f0fc9ac741a9920a0842d13f4f4b38a808f10c01365f3bb9014deb871a3d9b469939031722d2025d5aa5513a252a54a15f18ce59b11be6989ebd6ad5b85ccd208b3ac59b3a6d44e223f855c38e4fdb32d26906feb1194f9c67bb6d8e8f35ce9b365c4f3bd7dfb7679be82f06c91b78628d18d37de58e0367ce6996784a851581a0f07df97d9340e9628ba4d6911f2d5f43b289be8fbeb5a7cef90d7f6e9a79f9a091326c801ab5afe22a0842d7fd75e671e700438d926b702396a14ced6ad5b279b0ca4eb211b568023513862c021706df88465228b4d83f41226c5097cddba754dbd7af544eebb418306917a6dae5d583bf22502fa6cb9b72c7e7cb6eebbef3e79d65f7cf1c5c8445f7ffd75517e24241b8f1a35ccb26d1cb0fdcffffc8fe9dab5abb9ebaebbb27d79bd9e4f1140c574dab469e61ffff8871c2caae527024ad8f273dd75d6014480fc12e2db972d5b66962f5f2e39669c125f78e185a661c38629d5100ae0f4733264c8f0aa55abccca952bcd8a152b24470e9182c68d1b4b3e09b97c6ac147c03e5bafbdf69aa1e9b3e5fd9ae6ead9e2708bbc204221893ef8f0c30f85a851e018a286772b17463837e3baf9e69bcd2db7dc928b21e8357d8cc0e38f3f6ec68e1d6bc86b0c62ba828fa10dccd094b00566a974a0f988c0ae5dbbcc82050b0c0a520b172e344d9b369593df264d9a48e89e5a761120d474e9d2a5b2b95bb26489d47b4331ae55ab56854a826777a47ab5c210d067ab3084b2fbefd97ab638e022278c5033421f216b78b3206bb9cc63bdfaeaab25b796dcb92018a1afc9868b227473fbedb7cb012375c79c867814afdd73cf3d72f068cd7e86d22dced7d3c5c6edfed21d47269fbbfbeebb25077de6cc999974a39f0d28024ad802ba703aecf022c049ebac59b3a411b6d3ae5d3bd3b66d5b43416824f0d5fc8100650ae6ce9d2bc57667cf9e2d21a8575e79a5343d01f5c71a458f429f2d7fae4bf4a8bc7ab62067e4f652649aff86bc41d41022caa5bdfcf2cb328eb7df7e3b97c348e9da4ad85282cbb5379f73ce3972efb669d3c6b53eb5a36020a0842d18eba4a3cc0304162d5a649e7efa69f3ecb3cf4a7db14e9d3ac9c6422d180820fd4d61dde9d3a7cb893127c3cd9b370fc6e0433e4a7db682bdc06e3c5b84601272480e1065112048d192e9d492443c25bab56fdfde5300c95ba3d6e49429533cbd8e9b9d5bc2c6ef15e22d18511fcf3fff7cc4f346ae203853e70ee3f78cef46ebed1a3f7ebc88be90331acfc3463e36a18078601184b11e3a42d521dc187d3cfae8a311254f7b5dfecd7e26dac3c6e7093d452518dcb3ad029aee5a74efde5d6a9f92cfa6965f082861cbaff5d6d9fa10018aa2a20646b27baf5ebd4ccf9e3d03f3e3e14338733e24360693264d3213274e949a59845ef5e8d123e7e3cac701e8b315ae55cfe4d9a25409218fd495a49e24a48c8daf939cf1bc429c50d075b67875dadc401751968b2fbe5842de83a4080961a30e26e408d206a6fc3706f9e2357b00c9fbaeb9e61a91a98770f13ecaaf40b21079827891271c2b241232475ff4d1b76f5f3366cc18b906fd91d705a123dc92f58d775de7fb3848c3181bd7777ed68df5f4ba0f942309c547244705c5bc46db5ffd2b61f3d77ae868f208013693a3468d921f9a7efdfa492e945ab81020f770f4e8d1b239e9dfbfbf12b72c2daf3e5b59023a879749f5d922370cb2164dc69c048d02d5b9b0cb2fbfdccc9f3f3f17974efb9ab1422221569425803841ca90a1b71e31fbff1d3a7410926473d3e2e596c5ca7bb37d20166309179e31bc659638e28d8bbe2e931c3060805c17828770d7dffffe7721997cd6d957da8064f18341bc5fb2084f682fa5842db44bab13f32b02a83c91eccee660e8d0a1a236a8166e0450f71c366c98397af4a8d4768a0ec50af7ecb3373b7db6b287b55fae14f4672bc81eb6f2e5cb0b0922b4d11af955961c3945462cd9c23be41419298cb03945476c1f5c0bd55e1b060979bcf7de7bcdc8912385b839af6b49a41d139f85b493178e47af48912212ba6ebd847eb9afe38d433d6c7e5f21efc6a784cd3b6cb56745e017080c1e3cd84c9d3ad58c18314294cad4f20b81a79e7a4ac282ba75eb66860f1f9e5f93f778b6fa6c790cb0cfbb0ff2b315c41c36d41d09e37412272f3d6c4e8f5b261e3608e049279d2404cf7ad97c7e6b17189ee6b00569b5dc1dab123677f1d4de148198081026427d9f534f3d55f2d58294aba04bea2e029c9092d7f6e9a79f9a09132648f88e5afa08e8b3953e7661fb64509fad20aa4442a0283c6e09db37df7c239e33bc5684443ac314a373d82076f67385e5b0718fe249dbb3678f6b396c8cd17aebf8feb0f97441101e5195c8b07d6b253f1f256cc963a5ef5404d24260d3a64d8613d4ae5dbb4abd1f354500041e78e001336dda3451fb42b94e2d7504f4d94a1db37cf844109fada0d561e33eb235d4506125acf0a69b6e929aa13654d1aa35f26f34720863a9443a4314edfd693d6a4e9548a73049a62a918cfdd65b6f35fbf6ed93b22ce4b3f9ddb40e9bdf57c8dbf12961f3165fed3dcf11a0ee13f94a37df7cb34808ab29024e04502f23499edc2baddd96dabd619f2d36896cbcd41481203f5bfa5ba1f76f2204f4b742ef0f256c7a0f28021e2210c453d3e8134e67d2772a5045ab84c5faac4d164f3597c09eae52f7a751a346a66eddba1135b254c6e887f7eaa9697aab80ac37058f51ff0b8b598f45744daae8f93973858230f764e7e5f65c82f66ca9c7d8ed3b201cfd05d1631c0ee4fd350b256cfe5a0f1d4d881008625e8213fe78ea5dc92e9197848d0d2b6625a3931d935fdfa77909a9ad4cd09fad78b34d96d828614bfe7e09dab3a53999c9af6dd8df19d49cccb0af4baee6a7842d57c8eb75438f801f95bfd8e875e9d245b07fe699677e914fc0eb37de78a3e42060ce7a3978c3f06abcf3ce3b91f79030eeac61134f25cc99eb40bf483f13260ae1b2f90f7cf6b8e38e2b20131d5d4c95cf3ae7403f18c21db6be0f75edfefce73fcbebfc3bde0a2c51ce43ae6f4655fe4a6d0578b610ee4171d52f165dcf29fa5960bcdceb34e77d690f469046e7d9a350b0f5b039ef75bcc9cf3fffbc1410a6d0b0f3fe4ee6dee63d5c17b19bfaf5eb17285aec7ceeadf042acef0ade67f392627d877cf5d55732469e5b5bd038d6bcb2b966417db654f5349b7789ffae1564d553ffa1198e1129610bc73aea2c7c86801f6beb383794287a91f783b4f1cc9933053d3689ce137ebbe12224b26ad5aa91f79f75d6591185ad6879e55884cd12295b1b07e2d7b76f5f3366cc18b9ae535e99cda01d0be325ef8f0d20d7745aa2ebf03e082764d27e9ed7ec356ded20889d2573b9be7db4b64ef22be0c767cb1e08243abc98356b96dccb488a3beb5071cf5b953aa7629e2547b63e94f3d970deffcee729d1bd1dfd3c25fa5cbcef8a0d1b36c8010dd7b7ca7fe4d6d8ef0ae733156f5e28f465d382fc6c695dc16cde29feb856d0eb0afa03c5708e42095b38d75567e503042ebffc72337ffe7c1f8ce4e7212413a2e80c837412363eefdc8cda4915e655c0f3151db668d5b9206a4ec2c67f27535095f725430c9dd761a3e9ac17143d6e3f2c92dfee173f60126f0c7ec4aab067c11e4438ef5f5bccd7e689260a4376def3d1ff9dccbded94594711cf29ad8e57cd397e0a10c77a76a3bf432c898c2e941c3d8f4cc3ab33bd17fd78bfa432a7c993279b51a346190871bf7efd4ccb962d53f9b8be370008a0ae397af46839bce9dfbfbfe9d1a3470046ad43cc26024ad8b289b65e2b6f10f09b17c05974349a4039431ded0239439ad84c12a6e5dc14a64ad89c215b7cd68677c5226c848c39cd866e3a5f4b44d8ece6379ab0d95050db0f32d3d67b91eb1b33c85e806c63e7b7672bd567c149d86c58b00d818c75604248a1351b4a194dd892b9b76311ca589f9b3469921cee588fb8bd76acef103b8e68e2199d8b974bc216a6670be2461dcfefbefbcef4ead5cbf4ecd9d304a17658b6bf2382723d9e0b9eb78913279a638f3d56ea732a510bcaea657f9c4ad8b28fb95e314f10f05b0e5b2c0f5bf4262c530f9b336ccb5eaf458b16053c67893c6c364c333a0432fa964987b091ccef9710c8e8f90435cf26578f721072d8a29f05b0b2f75fb4672a96872dfa902491872d997b3b9107307a1de379e30bf3b0c5f314e692b085f1d9e250cb86a676eedcd974ead4c95c71c515b97a1cf5ba2922306fde3c3363c60c337dfa74f96de4b9e100514d114884801236bd3f14018f10f09b929d33048a1c367e28060d1a24396cf634dd7ac2a23d6ce4ddd81c309bc3066c975e7a69244fcce6e690a3c2c6341e61631c23468c907c1e2c5e0e9bf5fc9123139df7922a61e33ad1e3b779437e38a10e9a929d478f4cd2ddfaedd962e0ce1cb158cf02ffee5437750a8b58efb53387cd49d8ecf36a9fad78396cf6d98c756f471336670e5bf4e75e7cf1c58847dd5e9bf132a644396cce1220ceef1be7bcb29dc316e6678bda6de446d2fef5af7f9976edda99b66ddb9ad6ad5b9ba2458b26fd3ce91bbd45e0c71f7f3473e7ce3573e6cc9122dde79e7baeb9f2ca2ba569fd4d6fb10f53ef4ad8c2b49a3a17df21e0b73a6cb114de9ce18ab15417ed262c9e129ded9313421a21484ec20631742ace11e2c506ce8a99d810cd582a91b1c22159e454091b1b52e7f8fd140e19b45a517e79c8fc58872dd1b370e8d021b378f162515975ded7d12a91a54a95924d37423f4e15550a8493e7620575508ab42192c9dcdbb1f236137d2ed677056b9f4825d249d8e2cd2b9b842d9f9ead5dbb7699050b16c83db270e142d3b46953d3ac5933d3a44913094157cb2e023ce74b972e95677ec99225864813720f5bb56a652a56ac98ddc1e8d542818012b6502ca34ec2af0870027ad9659789843d8a856a8a801301bc8763c78e35a8c1e9496b6af746909ead64047f529bbdbebb3004f2f9d9faf2cb2f0d6a83cb962d33cb972f371f7ffcb1445140f221cc947550731781356bd6c8a120d12978cc4f3bed34d3a85123d3b87163894439e18413dcbda0f69677082861cbbb25d709671b814d9b3619726eba76ed6aeebaebae6c5f5eafe753041e78e001336dda34f38f7ffcc3d4ac59d3a7a37e418f6b000006ff49444154f4f7b082f26c2961cbee7da4cf5641bc09655dbd7ab58154ac5dbbd6ac5bb7ced4a953c7d4ae5d5b4a3210a247fbd5af7e95dd850ae0d5103d22fc9446a4080ac4ebd7af3775ebd635f5ead51332dca0410343c91b3545c04d0494b0b989a6f6a508c441005180debd7b9b534f3d5554be28a2ab969f0810328a1a18058c274c9820f2e96ae923a0cf56fad885ed93fa6c25b7a2e004d9807410bab771e346697c179d7df6d9d2aa55ab26f52f69254b964caee310bdebebafbf36dbb76f37e47a6eddbad56cd9b2c56cdebc59f2383960ab55ab96849a427421bdfa9b1ea2c5f7e95494b0f974617458e14460f0e0c166ead4a922ba71fdf5d78773923aabb8083cf5d45366e0c081a65bb76e66f8f0e18a948b08e8b3e5229801ec4a9fadcc16ed871f7e1052b26ddb362129b41d3b76989d3b779a22458a0899c36b44a3403bedf4d34f97da70410ce726a41a719e7dfbf6993d7bf648838cd13804fae9a79f4ca54a954ce5ca9523c495bc52c86cb162c532035b3fad08a4818012b63440d38f2802992040bed25ffffa5773cc31c798a143874a7cbb5ab811209f64d8b061e6e8d1a3e62f7ff98be435aab98f803e5bee63eaf71ef5d9f27e85f6efdf2f44c6129bbd7bf70ad1e1751a3972e4689d72ca29d25049a538fb89279e28af972953c6942e5dda20a883278a76dc71c749a3fe588912254cf1e2c58508250acb241c1162f9fdf7df9b23478e18846d682899e235a4e1193b78f0a0f9eaabaf0cb97c5f7cf185a194cce79f7f6e3efbec3369bc4e8e59d9b265a5413ccb952b1721a290525e575304fc848012363fad868e25af10a008eaa851a3e484b25fbf7ea220a5162e04506c1b3d7ab49ce4f6efdf5f8ba2666979f5d9ca12d039bc8c3e5b39043fead21c445932043182204194204610270814440aa55448d5e1c387856441b628020e01a341c690c0a7e1e1a2e1dda351a68006a983dc41f268946581f81d7ffcf1420409df84184210218a1046882304122269492507a66a8a40901050c216a4d5d2b18612013697e4b5f1c3d5ab572fd3b3674ff911520b26026c42264d9a64264e9c28a7c7e4abf5e8d123989309f8a8f5d90af802460d5f9fad70ad67acd9e045b3cdfe3b5e37dbc28f80ce5011888d801236bd3314019f20b068d1a24851dace9d3b9b4e9d3a992baeb8c227a3d3611486c0bc79f3cc8c1933ccf4e9d3a57e1635a9a8f7a6967b04f4d9cafd1a6432027db632414f3fab082802614040095b185651e7102a0448869e356b963454bcdab56b2785745bb76e2d21216afe4080b09db973e79a3973e698d9b3678b5ad895575e292d8849f8fe40d5db51e8b3e52dbe6ef5aecf965b486a3f8a802210160494b0856525751ea14460d7ae5d66c18205867c8d850b179aa64d9b9a66cd9a99264d9a88a4b05a761140027be9d2a566f1e2c566c99225a6458b16927bd8aa552b53b162c5ec0e46af961102fa6c65049feb1fd667cb7548b5434540110811024ad842b4983a9570234002378a68cb962d33cb972f1765ae8b2ebac85c78e185a661c38652b053cd5d042834bb6ad52ab372e54ab362c50a51166bd4a89169dcb8b1a87b92d0ae167c04ecb3f5da6baf199a3e5bdeafa93e5bde63ac5750041481f020a0842d3c6ba933c9330490595ebd7ab561e3b376ed5ab36edd3a53a74e1d53bb766d29e449881e2d914c729e411677ba24b9137e4aa3a0ec860d1bccfaf5eb4dddba754dbd7af5840c3768d0406a10a9851f017db6dc5b637db6dcc3527b52041481fc4540095bfeaebdce3c640820970cd98074105eb471e346b369d32653a1420529f649ab56ad9a1401ad52a58a481fe79b212b6d8bc26eddba550ac5d228945aab562d69849a427421bdc844ab2902f19e2d087cf5ead5f5d9324624db633d5bbb77ef36356bd6d4674b1f234540115004324040095b06e0e9471501bf23405d1b08c9b66ddb229ba91d3b76989d3b774a6d9b33cf3c53bc46b4f2e5cb4ba38828b5e182289c81a80435cf28ea6a8bbce22da141caa8eb53a9522553b9726521aeb4aa55abca869bfa3e6a8a40b208e8b3b5479e2b7db692bd63f47d8a8022a008a48f8012b6f4b1d34f2a02814660fffefdb2d9b2c466efdebd4274789d461e0f395ab6d0284547293e4a11525ea72829c549f1d4e189a251c0941a72348a9a52e0142294282c93902936bf144e3d72e488d4a3a3a82a0dcf068da2ab145fa5082bf9461465a5382b455a6dc1565e27c7ac6cd9b2d2209ee5ca958b10514829afab29025e23a0cf96d7086bff8a8022a008e417024ad8f26bbd75b68a40d2081c3d7a344286204610248812c408e204818248110a05a93a7cf8b0902c8adb42bc689030c81832dd343c5c340c124799021aa40e7247a3d834840ff277fcf1c70b112c59b2a4104308224411c20871844042242da93ce69863929e9fbe5111c81502f6d93a70e080a1b9f96ce139a7e9b395abd5d5eb2a028a8022e03e02ff1fe77a90455b1b25220000000049454e44ae426082);

--
-- Indexes for dumped tables
--

--
-- Indexes for table `after_treatment`
--
ALTER TABLE `after_treatment`
  ADD PRIMARY KEY (`patient_id`);

--
-- Indexes for table `appointment`
--
ALTER TABLE `appointment`
  ADD PRIMARY KEY (`app_id`);

--
-- Indexes for table `doctor`
--
ALTER TABLE `doctor`
  ADD PRIMARY KEY (`id`);

--
-- Indexes for table `examin_noting`
--
ALTER TABLE `examin_noting`
  ADD PRIMARY KEY (`patient_id`);

--
-- Indexes for table `panchkarma_advise`
--
ALTER TABLE `panchkarma_advise`
  ADD PRIMARY KEY (`patient_id`);

--
-- Indexes for table `patient`
--
ALTER TABLE `patient`
  ADD PRIMARY KEY (`patient_id`);

--
-- Indexes for table `patient_history`
--
ALTER TABLE `patient_history`
  ADD PRIMARY KEY (`patient_id`);

--
-- Indexes for table `present_routine`
--
ALTER TABLE `present_routine`
  ADD PRIMARY KEY (`patient_id`);

--
-- Indexes for table `purchase_bill_rec`
--
ALTER TABLE `purchase_bill_rec`
  ADD PRIMARY KEY (`bill_no`);

--
-- Indexes for table `regist`
--
ALTER TABLE `regist`
  ADD PRIMARY KEY (`patient_id`);

--
-- Indexes for table `reports`
--
ALTER TABLE `reports`
  ADD PRIMARY KEY (`patient_id`);

--
-- Indexes for table `tbl_images`
--
ALTER TABLE `tbl_images`
  ADD PRIMARY KEY (`id`);

--
-- AUTO_INCREMENT for dumped tables
--

--
-- AUTO_INCREMENT for table `appointment`
--
ALTER TABLE `appointment`
  MODIFY `app_id` int(10) NOT NULL AUTO_INCREMENT, AUTO_INCREMENT=14;

--
-- AUTO_INCREMENT for table `patient`
--
ALTER TABLE `patient`
  MODIFY `patient_id` int(10) NOT NULL AUTO_INCREMENT, AUTO_INCREMENT=23;

--
-- AUTO_INCREMENT for table `regist`
--
ALTER TABLE `regist`
  MODIFY `patient_id` int(10) NOT NULL AUTO_INCREMENT, AUTO_INCREMENT=6;

--
-- AUTO_INCREMENT for table `tbl_images`
--
ALTER TABLE `tbl_images`
  MODIFY `id` int(11) NOT NULL AUTO_INCREMENT, AUTO_INCREMENT=21;

--
-- Constraints for dumped tables
--

--
-- Constraints for table `after_treatment`
--
ALTER TABLE `after_treatment`
  ADD CONSTRAINT `after_treatment_ibfk_1` FOREIGN KEY (`patient_id`) REFERENCES `patient` (`patient_id`) ON DELETE CASCADE ON UPDATE CASCADE;

--
-- Constraints for table `examin_noting`
--
ALTER TABLE `examin_noting`
  ADD CONSTRAINT `examin_noting_ibfk_1` FOREIGN KEY (`patient_id`) REFERENCES `patient` (`patient_id`) ON DELETE CASCADE ON UPDATE CASCADE;

--
-- Constraints for table `panchkarma_advise`
--
ALTER TABLE `panchkarma_advise`
  ADD CONSTRAINT `panchkarma_advise_ibfk_1` FOREIGN KEY (`patient_id`) REFERENCES `patient` (`patient_id`) ON DELETE CASCADE ON UPDATE CASCADE;

--
-- Constraints for table `patient_history`
--
ALTER TABLE `patient_history`
  ADD CONSTRAINT `patient_history_ibfk_1` FOREIGN KEY (`patient_id`) REFERENCES `patient` (`patient_id`) ON DELETE CASCADE ON UPDATE CASCADE;

--
-- Constraints for table `present_routine`
--
ALTER TABLE `present_routine`
  ADD CONSTRAINT `present_routine_ibfk_1` FOREIGN KEY (`patient_id`) REFERENCES `patient` (`patient_id`) ON DELETE CASCADE ON UPDATE CASCADE;

--
-- Constraints for table `reports`
--
ALTER TABLE `reports`
  ADD CONSTRAINT `reports_ibfk_1` FOREIGN KEY (`patient_id`) REFERENCES `patient` (`patient_id`) ON DELETE CASCADE ON UPDATE CASCADE;
COMMIT;

/*!40101 SET CHARACTER_SET_CLIENT=@OLD_CHARACTER_SET_CLIENT */;
/*!40101 SET CHARACTER_SET_RESULTS=@OLD_CHARACTER_SET_RESULTS */;
/*!40101 SET COLLATION_CONNECTION=@OLD_COLLATION_CONNECTION */;
